Polygon,Latitude,Longitude,Result,Perimeter
0,62.347773094202424,-151.97110901274857,Fails,243.25098389438372
1,62.395403499943455,-151.97109988548095,Fails,127.62260918605195
2,62.34998845266578,-151.97215054827876,Fails,292.4540480029667
3,62.39751715146443,-151.97237185172753,Fails,633.8055253671985
4,62.40349478473943,-151.97383566384624,Fails,215.3017279839243
5,62.39874789765912,-151.97496092193896,Fails,146.15201159667944
6,62.34535128721639,-151.97519242968914,Fails,346.7663544666195
7,62.40247219125058,-151.97546546443314,Fails,58.45858151788585
8,62.39958474926591,-151.9759507880152,Fails,107.65461553897802
9,62.35383408026646,-151.97608145205652,Fails,195.42975461102537
10,62.34607825415865,-151.97654006564895,Fails,175.48009489272303
11,62.41147844362765,-151.976225182502,Fails,29.226539491655302
12,62.412102131096354,-151.97703109964263,Fails,426.25641627594837
13,62.3537402652585,-151.9783230941963,Fails,773.8370228487062
14,62.41268218610837,-151.9803215001976,Fails,58.45235640135728
15,62.415180379003374,-151.98071544431482,Fails,644.4043678930575
16,62.41040046528671,-151.97586585638834,Fails,29.226872993238707
17,62.41541792259414,-151.98217701334343,Passes,4707.590832652215
18,62.41571022156451,-151.98275607720737,Fails,744.2190478914719
19,62.41520228913225,-151.9807483095082,Fails,644.3988093756903
20,62.350125079593674,-151.97679167349312,Passes,3648.656015530827
21,62.421593473726844,-151.98266310870486,Fails,190.9668485984752
22,62.41573446181819,-151.98274181823442,Fails,744.2095983053293
23,62.35469580044154,-151.9852134302657,Fails,852.5818134847677
24,62.42038716463103,-151.98566005960035,Fails,416.9449256001133
25,62.351738618650344,-151.98541154045574,Fails,320.29092499944187
26,62.42268006604997,-151.9858127907782,Fails,861.0568334178913
27,62.35584918548494,-151.98805692408553,Fails,336.0231668196967
28,62.41960629143166,-151.98796371331466,Fails,332.1667536804867
29,62.35422904090795,-151.99038385984505,Fails,1398.9290097398175
30,62.35640415195083,-151.99054432813085,Fails,232.54212747113138
31,62.3558966826149,-151.99223116460882,Fails,106.29009540791894
32,62.357314236875276,-151.9941700815222,Fails,713.9212128464593
33,62.35534913806077,-151.99463807921134,Fails,87.73154789032742
34,62.36058503285964,-151.99637054440217,Fails,134.11711093616523
35,62.36271927202916,-152.00721153171008,Fails,87.72471439406723
36,62.360088820607444,-152.00749254315792,Fails,283.1448023610975
37,62.36721084844976,-152.01008614061928,Fails,87.72054740699855
38,62.36150434772183,-152.01088980823238,Fails,358.7711033680665
39,62.36982056951875,-152.01127544863212,Fails,147.61044040647374
40,62.36411327308029,-152.011199590897,Fails,426.51749135025835
41,62.37058713189454,-152.01217576017245,Fails,87.71763041224006
42,62.37234129664933,-152.0129287117106,Fails,115.53911703139134
43,62.37282693133627,-152.01307407545656,Fails,144.7765491360545
44,62.37322956085336,-152.01332007564207,Fails,87.71496337227975
45,62.37381593368718,-152.01368236323464,Fails,244.59462086604077
46,62.37254411844482,-152.0149476661701,Fails,953.3896102060861
47,62.376281155926996,-152.01744684765757,Fails,1214.4212268956533
48,62.38482515693107,-152.02070322216952,Fails,370.77933639433826
49,62.37496562627348,-152.02186382630128,Fails,184.70000499876687
50,62.3776958001762,-152.02317712801866,Fails,175.42142526067326
51,62.3761387203504,-152.0239343166697,Fails,263.1361386482415
52,62.37754147421712,-152.02463884822197,Fails,87.71096268102784
53,62.37853422777471,-152.02506957888386,Fails,106.25509197087885
54,62.37809704766977,-152.02523726440353,Fails,58.47375285531872
55,62.37485446220347,-152.02966429520743,Fails,541.3470039159686
56,62.37904926187093,-152.02990850388096,Fails,38.50898274724088
57,62.379697430899014,-152.03533571022055,Fails,106.25328604316611
58,62.3748986929778,-152.0374839438299,Fails,798.8155266105778
59,62.33674374521909,-152.03943834573798,Fails,414.5976520609205
60,62.382512030892464,-152.0423440241983,Fails,203.22615833976397
61,62.417117063668194,-152.04125714252743,Fails,1124.4754691943158
62,62.37633857026753,-152.04343087413312,Fails,909.9465483552282
63,62.3783845085607,-152.0480936718326,Fails,107.67428805683184
64,62.37750692362928,-152.04863077642557,Fails,166.148957756076
65,62.38124115116418,-152.05024636191342,Fails,49.20006287410435
66,62.3814624204026,-152.05078345989384,Fails,193.95758061940447
67,62.382995860352494,-152.0510488569006,Fails,166.14048368683422
68,62.3834689730688,-152.05297724037712,Fails,136.90466303215715
69,62.38192387078012,-152.0534443643249,Fails,38.50720458200503
70,62.38372050134835,-152.05339046540786,Fails,29.235126038215213
71,62.37900135172245,-152.05312781512953,Fails,1324.995119388748
72,62.38018541682076,-152.05560374316025,Fails,193.96069242936974
73,62.400001414652984,-152.055846115359,Fails,548.9665746938987
74,62.381310449771824,-152.0559930131167,Fails,87.70746194535938
75,62.380625012563435,-152.05655993309855,Fails,224.61607033991794
76,62.38111538702441,-152.0564088047625,Fails,38.50770469569554
77,62.38037363526124,-152.05716082298605,Fails,67.74421994138697
78,62.38391951273437,-152.06070966193818,Fails,96.97590072651931
79,62.383981188921005,-152.06015988756457,Passes,3252.1852762841636
80,62.39011544932978,-152.06878758937765,Fails,220.31699909040478
81,62.40369307459293,-152.0774520434296,Passes,2670.8199212358736
82,62.39225008377065,-152.07190332502097,Fails,592.4854387879734
83,62.387911601916436,-152.07038404417793,Fails,1485.9401229303116
84,62.38958905092545,-152.07548170179118,Fails,954.7043376197362
85,62.390215178262814,-152.08012204682765,Fails,712.9918135028988
86,62.389672606960154,-152.0831168136658,Fails,537.6022301056657
87,62.396296915326026,-152.08788577231803,Fails,29.23123596516735
88,62.396646729866085,-152.0964609843361,Fails,175.3862486937735
89,62.396907769719235,-152.0978211393604,Fails,78.42629734996761
90,62.395757926155554,-152.09844996005927,Fails,38.498646509061615
91,62.39241961545209,-152.09866726680423,Fails,221.73502768803488
92,62.395265024464884,-152.10342740787704,Fails,318.68650394205366
93,62.36136212493838,-152.10650715714607,Fails,758.2931572186983
94,62.39897178118969,-152.10710866255667,Fails,166.1157536428429
95,62.39639668566184,-152.10901108970594,Fails,588.1645249564258
96,62.39940292159394,-152.11708989397403,Passes,3103.146145868774
97,62.40296635255462,-152.11909816756386,Fails,766.3442563018873
98,62.39794405267152,-152.1223661638046,Fails,682.2447928508069
99,62.40154307658529,-152.1243573728533,Fails,49.193783104987844
100,62.39757110994926,-152.12557423679323,Fails,933.1911883243449
101,62.39947025810225,-152.12942739386077,Fails,733.5278133109741
102,62.412442857172195,-152.1316663321724,Fails,953.7494569378838
103,62.42815716406947,-152.13059766969363,Fails,203.09910150036714
104,62.40538124683606,-152.1306531446024,Fails,213.86238605328745
105,62.41529861448613,-153.01603869592734,Passes,437864.126674513
106,62.10660890706419,-153.32801601081357,Fails,546.4813519215847
107,62.11016553102828,-153.32617745886546,Fails,67.99463097435756
108,62.11337874417709,-153.3258905490882,Passes,1804.0250104434879
109,62.11677313900702,-153.3292956110294,Fails,438.5029722537122
110,62.12013182975156,-153.3299537170124,Fails,1243.1467019616166
111,62.121769102824196,-153.33409461090284,Fails,346.7488543244627
112,62.12511111022449,-153.33993135687703,Passes,1644.1258076449026
113,62.128538528539295,-153.34380403804036,Fails,547.6106294077545
114,62.131757124739885,-153.34473977721026,Fails,1221.7732833244859
115,62.134236234572136,-153.34735282314742,Fails,117.2485618366484
116,62.135480055734774,-153.3443462938119,Fails,107.89941595666724
117,62.134224479429605,-153.31845359949605,Fails,900.5857015972618
118,62.136750883411935,-153.34532739795242,Fails,1313.4565755880244
119,62.142044281386326,-153.34634950495942,Passes,1877.4895267914699
120,62.148540872260384,-153.3491563638332,Passes,2576.9079609722844
121,62.15530459074775,-153.3482323823981,Fails,370.3492727062751
122,62.09975474789709,-153.32962146146235,Fails,145.36700917435994
123,62.09969540218148,-153.3285250561413,Fails,678.159099178043
124,62.03800856971597,-153.1368359816884,Fails,762.8793107835423
125,62.06374165398649,-153.12131190253518,Fails,176.0032006290034
126,62.06929988544615,-153.08708357392092,Fails,234.65697144089756
127,62.082162049238,-153.11682208751714,Fails,146.64093575072508
128,62.085461860714986,-153.09173513601593,Fails,49.29137623522091
129,62.08698485062746,-153.08885223496563,Fails,145.39455359598844
130,62.08985847237699,-153.08515433490598,Fails,405.59656648742606
131,62.0953370796905,-153.0942535433864,Fails,204.02454802910313
132,62.09689441989756,-153.10424567353942,Fails,146.6182137809434
133,62.35469735291101,-153.45708185325742,Fails,224.67207616066852
134,62.35736865888747,-153.5430364420221,Fails,184.73811953355138
135,62.36764876021421,-153.4684808160046,Fails,594.0726722454157
136,62.36855977613751,-153.46693495353165,Fails,195.40242005585708
137,62.36674129589758,-153.45465433637008,Fails,1200.2411742954553
138,62.36963491769336,-153.47112961311097,Fails,38.514761461847414
139,62.369994243807014,-153.47103978158256,Fails,38.51453921271245
140,62.369363385692026,-153.4860623914277,Fails,1102.601479912912
141,62.371298386231246,-153.4739323567974,Fails,135.5051094996099
142,62.371581811909124,-153.4756146563295,Fails,136.91933253135096
143,62.37202443634912,-153.47369879482352,Fails,49.20286894485237
144,62.371945006366104,-153.4624150092599,Fails,261.73272294980916
145,62.37277902118778,-153.47175843380984,Fails,38.512816757179124
146,62.373476670550716,-153.50119559305404,Fails,845.0658916469022
147,62.37515057353785,-153.52201336132802,Fails,233.9012347871069
148,62.37592619210024,-153.49954529745926,Fails,466.379300580326
149,62.19743647030863,-153.41369445841926,Fails,205.04813940097267
150,62.1989298608827,-153.41648689100853,Fails,271.64880216163516
151,62.199495945184445,-153.4143230679982,Fails,419.41389359550044
152,62.20883648183597,-153.421632440956,Fails,38.61414460158246
153,62.20447722378683,-153.41873724404843,Passes,3437.208815019907
154,62.21641466957281,-153.41803558655837,Fails,322.1535104833904
155,62.21700480987239,-153.41686819942564,Fails,165.07768486842915
156,62.21604311920864,-153.42183872518336,Passes,3939.992672162526
157,62.22233995718686,-153.42045744456433,Fails,363.3837109050868
158,62.22385084538036,-153.41991236247281,Fails,283.52382936695636
159,62.224997990447534,-153.4182384424825,Fails,556.3942602721171
160,62.22886891267184,-153.420105304973,Fails,38.6017713396135
161,62.22321683863521,-153.4134413275723,Passes,6496.761665021774
162,62.23623253138652,-153.41669684012348,Fails,78.52548321667265
163,62.23761850353916,-153.4077265203578,Fails,117.12087285578973
164,62.238803308562524,-153.4036501112713,Fails,292.79774250028026
165,62.2434252135357,-153.39996866956417,Fails,223.5771636801399
166,62.246124858268004,-153.39514319626252,Fails,137.07448724573575
167,62.23836917492509,-153.40642504320712,Passes,8361.273313836593
168,62.24938643376112,-153.39416637751168,Fails,609.4461744468863
169,62.2501179190639,-153.3921086674896,Fails,67.86500762513526
170,62.25227900897598,-153.39078429409932,Fails,49.239881684648054
171,62.25344470516232,-153.3963971793628,Fails,175.6518392270806
172,62.25438161117434,-153.39511471820228,Fails,385.85843663970456
173,62.25419083526891,-153.3867957742378,Fails,928.741532855707
174,62.25524097130246,-153.3919471477464,Fails,302.0574970977471
175,62.252516622576884,-153.3930424418183,Passes,4486.71575282456
176,62.25787531532926,-153.37963378744837,Passes,2442.6923003346637
177,62.26658609502981,-153.37918593626932,Fails,927.2214362874531
178,62.263877058841615,-153.37357266731996,Passes,2116.967222506812
179,62.26808399960462,-153.37850605775628,Fails,581.3593127210994
180,62.26819851175818,-153.37262273196268,Fails,646.6540462732198
181,62.26947354465778,-153.37538717012944,Fails,280.69360787840424
182,62.29238809540016,-153.38022425242863,Fails,137.01731066993818
183,62.29525863953431,-153.3772260743582,Fails,146.3119978447432
184,62.29731019308514,-153.38254102639212,Fails,359.06853064517395
185,62.29745020718015,-153.38825651300414,Fails,293.9856764612172
186,62.30103956259799,-153.38666601758567,Fails,127.71018596189978
187,62.301944177755544,-153.3907131288625,Passes,3885.6375275504897
188,62.30769948625613,-153.39677017153045,Fails,361.7713458500685
189,62.31096439766805,-153.39453987151472,Fails,392.3948143237499
190,62.31142831464846,-153.3923389079616,Fails,155.5802530961013
191,62.31214696687575,-153.39151457158323,Fails,146.2858993199607
192,62.314260285469125,-153.38687321521056,Fails,372.4206594156507
193,62.315165022687545,-153.3913245978775,Fails,540.041087458115
194,62.31659838331895,-153.39180837352322,Fails,58.51169408855037
195,62.31628513589172,-153.3936531389592,Passes,6563.357917083144
196,62.323240783191245,-153.39226266439547,Fails,58.50758435391664
197,62.323377669329766,-153.41188871450757,Fails,106.3403654406439
198,62.323953382081044,-153.3948941712709,Fails,550.272735191289
199,62.3244500767232,-153.40468896123429,Fails,494.5330192498502
200,62.32525415014548,-153.4014715843054,Fails,329.68634683467536
201,62.32653646225653,-153.3992433731936,Fails,537.2215408265473
202,62.32916035379596,-153.40608489321116,Fails,517.2432188975879
203,62.32804627126663,-153.40953711437606,Passes,2044.3908595235062
204,62.33001487696924,-153.4099134534288,Fails,383.0485883831746
205,62.33073296598945,-153.41459454903,Fails,87.75437841842265
206,62.33057402390931,-153.4258590814062,Fails,574.348831996748
207,62.331996889312265,-153.4276207488423,Fails,87.75321202120259
208,62.33248989045893,-153.40871466717033,Fails,292.5082072816193
209,62.33335425319105,-153.41092170452524,Fails,587.3394303736007
210,62.333967164447834,-153.41381767754237,Fails,300.3982574045427
211,62.3326885095073,-153.41640063014214,Passes,1861.3299000155848
212,62.33967995289062,-153.43085172238617,Fails,67.781971149933
213,62.34163058036473,-153.43188264611695,Fails,293.8763797373948
214,62.336184307279154,-153.4275850151013,Passes,6515.148277067698
215,62.34286698080994,-153.43012864496035,Fails,321.72358954866905
216,62.35768732441458,-153.45082768768987,Fails,38.52215083008747
217,62.358467575404234,-153.4496066788894,Fails,1007.7422056532247
218,62.361468540748966,-153.44611913357755,Fails,146.20966297279892
219,62.36229610959128,-153.44737216823026,Fails,263.1746432159773
220,62.3643091410403,-153.44919874264133,Fails,518.4693734112223
221,62.48299395601281,-153.487451369207,Fails,871.3327869831222
222,62.487996939528955,-153.48814370459218,Fails,67.64431584320371
223,62.488382119594675,-153.48957618881843,Fails,339.70515211255315
224,62.48934229877211,-153.5029003826065,Fails,165.97591944372073
225,62.490252401903845,-153.5032865362354,Fails,176.7006613654259
226,62.47478936142122,-153.48496991763616,Fails,252.1399769198832
227,62.476386324032354,-153.48024904695382,Fails,519.4292190634683
228,62.48555204930812,-153.47772442541483,Fails,582.5812962418236
229,62.48684350270414,-153.47937974068032,Fails,347.46425002321365
230,62.493203022106314,-153.48820865969736,Fails,116.8047360473046
231,62.49319448607872,-153.4825508993174,Fails,175.20693719711335
232,62.494527381880616,-153.49104371414046,Fails,330.4440417346094
233,62.493972348529105,-153.48643137745827,Passes,2408.415706236656
234,62.49714409249383,-153.49154394311122,Fails,415.0485471299696
235,62.497637815386874,-153.4934101755883,Fails,232.1051788607278
236,62.498637086081565,-153.49723965854244,Fails,1068.692651821863
237,62.49809945449958,-153.50672892853925,Passes,6982.374005436476
238,62.5016932532275,-153.51192111203474,Fails,116.79427817333894
239,62.50145037539142,-153.52232382483106,Fails,1089.831102294636
240,62.50416450096009,-153.51708319568047,Fails,213.6179444161303
241,62.501899174731086,-153.5258430026824,Passes,2346.79836899326
242,62.50488013364021,-153.5309112119616,Fails,67.62862918303298
243,62.50534212435776,-153.52680035011377,Fails,252.0454172107681
244,62.50567578432044,-153.53752438553937,Fails,378.06562241467924
245,62.506538166993174,-153.52978960116397,Fails,38.43003180561236
246,62.50768378319081,-153.5267321586734,Fails,224.3407108660329
247,62.50613131710322,-153.53449561413623,Passes,1896.275637707281
248,62.50821943496703,-153.5224130142888,Fails,224.3395425858099
249,62.50884825566592,-153.52768470661405,Fails,224.3381795865673
250,62.510072245005055,-153.5323228502652,Fails,202.87086689635245
251,62.50595285962537,-153.5223007597895,Passes,2630.632287955724
252,62.512203542051694,-153.51682192097365,Fails,87.58594525402307
253,62.511800325647904,-153.5311722683602,Fails,912.9976177917791
254,62.51224871157727,-153.53880290085706,Fails,749.837995337146
255,62.51354245959421,-153.53362326858127,Fails,233.55873750807459
256,62.51380790162929,-153.53498627628298,Fails,864.8913508966971
257,62.514975300370395,-153.53654102638194,Fails,213.5910179571307
258,62.5154721488925,-153.53561352099018,Fails,221.31604378013313
259,62.51702810843502,-153.53721163356445,Fails,897.2732713316684
260,62.51856742529778,-153.525505453909,Fails,586.873942288746
261,62.525736093906474,-153.53625478658915,Fails,1056.9094256728285
262,62.477746683744385,-153.590965828798,Passes,2172.241183441408
263,62.47974204879948,-153.60000067030757,Passes,2404.6906299217744
264,62.48310164965125,-153.59748241360916,Fails,185.94967300641977
265,62.48830932142454,-153.5840252415531,Fails,1168.089634705956
266,62.51707412196834,-153.56746494417996,Fails,417.94094856297625
267,62.51929300497211,-153.5691537769141,Fails,371.7864190774766
268,62.51997462021245,-153.56973963470813,Fails,224.3140337089005
269,62.52486379878921,-153.55194205607035,Fails,29.191420451948375
270,62.52348858042894,-153.56507155935714,Fails,997.0348655973074
271,62.525558495942256,-153.57396190253002,Fails,262.71977944721766
272,62.525634006502386,-153.55084376799255,Fails,262.71977944429835
273,62.530292189720406,-153.54490953070328,Fails,338.0233867983248
274,62.5303417833476,-153.58326312245723,Fails,321.0854268194536
275,62.53546391914183,-153.5722799141028,Fails,38.412116100761864
276,62.53564358219866,-153.5725134760767,Fails,29.188081836979237
277,62.53564358219866,-153.5723338130199,Fails,29.188081839897585
278,62.5303495107909,-153.55425693210347,Passes,7863.156637274669
279,62.53606334043141,-153.57098307349267,Fails,127.49197898489714
280,62.536308335508906,-153.585648227554,Fails,145.9391571610589
281,62.535289389315196,-153.56998108251383,Fails,1227.5270492763034
282,62.53793058722787,-153.56291841200076,Fails,204.31111949159617
283,62.53858834525382,-153.5878301794401,Fails,279.6112481562223
284,62.53860489806134,-153.59535333746138,Fails,262.6834713348933
285,62.53896734874989,-153.5915936927114,Fails,38.409945866879355
286,62.53644372141428,-153.5796619370291,Passes,2896.137621030527
287,62.53880954830599,-153.58963428308442,Fails,938.641517169214
288,62.54021136053645,-153.56298947548171,Fails,310.3103006754235
289,62.53981791796138,-153.60442065051353,Fails,706.6592685952301
290,62.54131580156409,-153.59850302055378,Fails,439.3122207988769
291,62.54290453630944,-153.5874280764082,Fails,127.48563508216773
292,62.542898284298296,-153.59674587637176,Fails,377.89285791703094
293,62.5442674089262,-153.5862936325351,Fails,38.406662561460514
294,62.54728851232786,-153.59079626514378,Fails,156.665953717354
295,62.54690588924641,-153.58943773602945,Fails,420.8486811145412
296,62.549755424300415,-153.59066497290993,Fails,127.47929078822088
297,62.54989000706641,-153.5925356404522,Fails,261.12683956569447
298,62.550515537233125,-153.5691883275019,Fails,125.95301644998739
299,62.55168389991189,-153.57813692975526,Fails,288.7772939750007
300,62.55231397044072,-153.57675039964283,Fails,242.68124693080676
301,62.547485996961015,-153.60933632342184,Passes,5770.902886692299
302,62.55343193590095,-153.5787144181522,Fails,192.00437327452153
303,62.553555988964,-153.57312018439936,Fails,145.91244468603043
304,62.54532918236398,-153.58746954485605,Passes,8653.601887296107
305,62.55329863377449,-153.57529145539587,Fails,399.33579153916014
306,62.554335726630605,-153.5791322630901,Fails,281.075693397239
307,62.55507997296355,-153.5767027772841,Fails,629.7240365848509
308,62.55597198428077,-153.57042087426223,Fails,261.1060245528274
309,62.55673362956233,-153.59539176973266,Fails,910.7357896348739
310,62.558568588249386,-153.5903360513136,Fails,78.3260756343745
311,62.55790982370768,-153.57477523433644,Fails,592.8347983110111
312,62.55597738004904,-153.56807529105038,Passes,2162.4122545689374
313,62.558962213673865,-153.57545015040552,Fails,136.6874358189736
314,62.55953876875623,-153.56563238100034,Fails,38.397201307570356
315,62.559817774915075,-153.59064464903474,Fails,204.26359180608029
316,62.55499952662667,-153.5937984150801,Passes,3398.680730057308
317,62.56103253874296,-153.5915141276434,Fails,377.80854103957523
318,62.560522335922215,-153.57517072791515,Fails,626.5943564980772
319,62.562406533358484,-153.57377796178133,Fails,273.3657435653146
320,62.56310156528742,-153.56655647402738,Fails,242.65119187195543
321,62.5712835642832,-153.62176921061697,Fails,758.5766346047268
322,62.57121728527084,-153.58610477741487,Fails,577.4004514626986
323,62.57194556862772,-153.62901202620205,Fails,701.7540716732085
324,62.564039856750426,-153.5834264215165,Fails,195.0393895608576
325,62.56973257419572,-153.57436400556202,Fails,156.63812477962
326,62.57169667349566,-153.57694269884814,Fails,211.91175903304472
327,62.57262140981755,-153.5780523824344,Fails,253.37642524936606
328,62.57201441519335,-153.5729071725143,Fails,253.37776120698587
329,62.575019070067164,-153.5860966685913,Fails,1380.4191390093538
330,62.577160292477195,-153.58759062869765,Fails,310.17271395741716
331,62.577815229610415,-153.59683134361532,Fails,273.3274468599649
332,62.57202045130395,-153.56515219064843,Fails,87.530351366981
333,62.573940133072114,-153.567418049077,Fails,563.5553739632026
334,62.57451389345303,-153.5692561430744,Fails,497.5296212790785
335,62.582140381304676,-153.58864721857947,Fails,429.93862850939297
336,62.34095742722323,-153.1400775647057,Fails,116.99317361449192
337,62.368765348498336,-153.17048864034413,Fails,300.25851360248646
338,62.589508023361944,-153.2442209992523,Fails,460.5399665412406
339,62.405803877884715,-153.6099980679198,Passes,3908.6949542505804
340,62.4677287689852,-153.55631875702133,Fails,1159.4957063803756
341,62.336369019414896,-153.19216935139562,Fails,224.71173893446448
342,62.33752912943893,-153.19058574988043,Fails,58.498753129296034
343,62.375008690095775,-153.17862170148055,Fails,1173.0933001061674
344,62.38173821895474,-153.47604838835554,Fails,361.51928862154244
345,62.38319301868827,-153.47817967220817,Fails,1132.310170144905
346,62.38522453779548,-153.5031276035313,Fails,58.4692518231436
347,62.385499165610916,-153.47678899940092,Fails,58.469085114142686
348,62.38637951458934,-153.47326270358562,Fails,126.20702572012848
349,62.38994043637561,-153.4688981979452,Fails,232.43850036775513
350,62.39363447993159,-153.49617635430894,Fails,241.69490735518622
351,62.394733846731654,-153.48978120502431,Fails,224.5853393093136
352,62.39653047729992,-153.50690998367497,Fails,243.11521416835683
353,62.39715929799879,-153.48084938448514,Fails,116.92361003610584
354,62.397590489335165,-153.47184826533825,Fails,78.4257415865337
355,62.39755814998493,-153.47096072983757,Fails,309.4091175143892
356,62.399206964619026,-153.50599236788943,Fails,863.3352485012358
357,62.40973193754249,-153.47798836353815,Passes,1385.7811950900364
358,62.41344223895312,-153.48489180326365,Fails,253.77069409636965
359,62.4146298667281,-153.48560047421003,Fails,272.29011920666176
360,62.414025821571194,-153.48249949372553,Fails,1313.689567791881
361,62.427097152034214,-153.4864249280152,Fails,203.10235361582738
362,62.42686565515295,-153.48526042229403,Fails,312.1803589552794
363,62.38770902120986,-153.46448208000848,Fails,78.43185471633771
364,62.41175455737814,-153.46506267536054,Fails,244.5125378682632
365,62.413300605261874,-153.47442879419125,Fails,164.65298420699446
366,62.41477825510465,-153.46530853006985,Fails,116.90182240370584
367,62.417622920171034,-153.4713991076962,Fails,195.3113894713943
368,62.41890722124818,-153.476763498838,Fails,320.0207419638566
369,62.41968562317103,-153.47927947158382,Fails,302.94291008410426
370,62.43512210190568,-153.49035356019112,Fails,38.47424451529769
371,62.438170385103106,-153.48919173909033,Fails,195.27319785689335
372,62.43842874620586,-153.49975198790997,Passes,1451.6246768164874
373,62.43938209502043,-153.52906358829162,Passes,2906.593030264693
374,62.44497961495674,-153.4945850529485,Fails,292.16032609050205
375,62.445661136818956,-153.49715201026132,Fails,362.76233560964886
376,62.447101350104006,-153.49567586436493,Fails,223.01047122319451
377,62.446921236763835,-153.4940546191617,Fails,282.9029478482193
378,62.44760868435494,-153.49655193565155,Fails,38.46651631374803
379,62.44869422745618,-153.51501373313272,Fails,164.5763209109809
380,62.45033427861111,-153.49616830218315,Fails,213.75120235541698
381,62.45617861216543,-153.49272096647067,Fails,126.09904514760689
382,62.4570803387734,-153.48255845774082,Fails,974.7123602261107
383,62.45919142342603,-153.4759984819509,Fails,136.81094082265452
384,62.46013119941555,-153.4927660013748,Fails,302.8300738253267
385,62.46072049424195,-153.493562342386,Fails,232.21947351251197
386,62.460446426415274,-153.54208672075328,Fails,638.233694956978
387,62.460812604423765,-153.4742084244213,Fails,438.16583988282133
388,62.461766133232665,-153.47373472743487,Fails,58.42188955013429
389,62.461365658483416,-153.48182883792398,Fails,408.9528375807703
390,62.46230512240313,-153.47377066004628,Fails,67.66817496925363
391,62.46189533772885,-153.49521096117635,Fails,607.1188900309261
392,62.463203437687255,-153.47899885499987,Fails,49.17465877546209
393,62.462811656311736,-153.472303798121,Fails,391.9252372802926
394,62.46788035073489,-153.4777998404943,Fails,202.9885090406082
395,62.556938421003174,-153.65785232809014,Fails,678.8947466202158
396,62.56000967508413,-153.66320265918625,Fails,259.5609936916537
397,62.559674024529194,-153.67377293085025,Passes,3667.577443082625
398,62.6157572304265,-153.40330924069005,Fails,1704.5409243334298
399,62.575702915776326,-153.27789923144985,Fails,136.66661812021974
400,62.57889446874472,-153.27247217866838,Fails,436.074048242463
401,62.5844787650904,-153.311060885669,Fails,156.61986591976594
402,62.58928169803431,-153.30347558274013,Passes,1886.608034435922
403,62.5908865731412,-153.3209414946986,Passes,2281.283173170869
404,62.61093318279127,-153.2969354997368,Fails,853.4040418596205
405,62.610931914581435,-153.2869379904136,Fails,1111.0073449747745
406,62.61538351482317,-153.3006473384908,Fails,251.70450679195926
407,62.61575585999893,-153.312136660784,Fails,877.6231250558235
408,62.625421211693556,-153.35641988455907,Fails,98.2487568602826
409,62.626998653332464,-153.34675247213292,Fails,268.4865546179665
410,62.07090852271557,-153.08130080999294,Fails,695.8154768646837
411,62.081786467895405,-153.07290960657164,Fails,885.4941594582755
412,62.08665184177008,-153.08301803740355,Fails,479.8278498794353
413,62.1606910099732,-153.36130475699903,Fails,174.53921714463104
414,62.16105209748938,-153.36344756187543,Fails,508.7868251472893
415,62.16189052508788,-153.3655203257414,Fails,531.6601738912552
416,62.16279753374572,-153.3681948522741,Fails,367.7450631715046
417,62.163764154109046,-153.3715244144078,Fails,78.57025224903879
418,62.165099960602966,-153.36802370696725,Fails,416.99876479670957
419,62.16488724032609,-153.3722505974219,Fails,1850.2273979019863
420,62.17151687167251,-153.40518967799545,Fails,253.07746968586957
421,62.17041365099177,-153.38393203462388,Passes,2758.6572860518568
422,62.17447977214105,-153.40653304433746,Fails,86.60625743270448
423,62.17369695453631,-153.40041110937017,Passes,2558.8138441270785
424,62.17720570517568,-153.40907618429685,Fails,407.5930183119686
425,62.19192213432767,-153.40457312394665,Fails,292.9425554144795
426,62.1930979980582,-153.40504440758093,Fails,342.19669847217585
427,62.51661250232769,-153.73925464634618,Fails,946.4324949718759
428,62.301506686545736,-153.27112869825459,Fails,49.22467055866638
429,62.30177618113097,-153.27107479933755,Fails,58.52085678524496
430,62.30024818960961,-152.87393046776663,Fails,252.6798530909543
431,62.3049373373901,-152.87168656464092,Fails,562.472516480138
432,62.50681963911554,-152.4524041483081,Fails,145.98478130039524
433,62.50965315268184,-152.46484860286813,Fails,350.35179229008025
434,62.51087182904276,-152.4661218954941,Fails,195.13821910952518
435,62.54085876706879,-152.51670617587308,Fails,364.1213876726707
436,62.60686886223058,-152.36573212308113,Fails,213.36326084190677
437,62.60720494001905,-152.36254449872203,Fails,193.39843377914093
438,62.34607825415864,-151.9765258817234,Fails,175.480094892723
439,62.33674374521909,-152.0394178128172,Fails,414.59765206092055
440,62.35173861865035,-151.98540224753899,Fails,320.29092499944187
441,62.35534913806077,-151.99459957998488,Fails,87.7315478903274
442,62.35469580044154,-151.9851986818058,Fails,852.5818134847676
443,62.35422904090796,-151.99037694972753,Fails,1398.9290097398175
444,62.3558966826149,-151.992201220766,Fails,106.29009540791894
445,62.355849185484935,-151.98803214297422,Fails,336.0231668196967
446,62.35640415195083,-151.99052068825497,Fails,232.54212747113132
447,62.357314236875276,-151.99416052497662,Fails,713.9212128464594
448,62.36008882060745,-152.00748256187697,Fails,283.1448023610975
449,62.36058503285964,-151.99629354594921,Fails,134.11711093616523
450,62.36150434772183,-152.0108734752272,Fails,358.7711033680665
451,62.36271927202916,-152.0072046215925,Fails,87.72471439406723
452,62.36411327308029,-152.0111876133599,Fails,426.5174913502584
453,62.36721084844976,-152.0100792305017,Fails,87.72054740699855
454,62.36982056951875,-152.01125548607027,Fails,147.61044040647374
455,62.370641030811576,-152.0121218612554,Fails,87.71738038021903
456,62.37234129664933,-152.01289604570024,Fails,115.53911703139134
457,62.37282693133627,-152.0130501203823,Fails,144.7765491360545
458,62.37322956085336,-152.0133131655245,Fails,87.71496337227975
459,62.372544118444836,-152.01493828078648,Fails,953.3896102060861
460,62.37381593368718,-152.013673807851,Fails,244.59462086604077
461,62.37485446220347,-152.02959775333454,Fails,541.3470039159686
462,62.37496562627348,-152.02184268947107,Fails,184.70000499876687
463,62.374898692977794,-152.03748042102487,Fails,798.8155266105778
464,62.37613872035038,-152.02392650523245,Fails,263.1361386482415
465,62.376338570267535,-152.04342582741805,Fails,909.9465483552282
466,62.377541474217125,-152.02463193810442,Fails,87.71096268102784
467,62.37750692362927,-152.04861004607284,Fails,166.148957756076
468,62.3776958001762,-152.0231531729444,Fails,175.42142526067326
469,62.37628115592699,-152.01744441977846,Fails,1214.421226895653
470,62.37813298028114,-152.02520133179218,Fails,58.47364172236193
471,62.378384508560686,-152.04807733882743,Fails,107.67428805683184
472,62.37853422777471,-152.02501967247917,Fails,106.25509197087887
473,62.37906722817662,-152.0298725712696,Fails,38.508927180283834
474,62.347773094202424,-151.97107730750326,Fails,243.2509838943837
475,62.349988452665784,-151.97214435300094,Fails,292.4540480029667
476,62.35383408026646,-151.97606559943387,Fails,195.42975461102537
477,62.3537402652585,-151.97831618407872,Fails,773.837022848706
478,62.39874789765912,-151.97495146598857,Fails,146.15201159667944
479,62.39958474926591,-151.97593445501002,Fails,107.65461553897805
480,62.40247219125058,-151.97543979828217,Fails,58.45858151788585
481,62.3406221708014,-152.2298129680437,Fails,223.30682281066083
482,62.34463779772061,-152.25207561258335,Fails,636.4403443267938
483,62.389672606960154,-152.0831036675885,Fails,537.6022301056657
484,62.38958905092545,-152.07547615663512,Fails,954.7043376197362
485,62.39021517826282,-152.0801149173413,Fails,712.9918135028988
486,62.39241961545209,-152.09864160065322,Fails,221.73502768803485
487,62.395265024464884,-152.10340006784662,Fails,318.6865039420537
488,62.395775892461245,-152.09841402744792,Fails,38.49859093362787
489,62.39631488163171,-152.08786780601235,Fails,29.231208177313793
490,62.396646729866085,-152.09644513171344,Fails,175.3862486937735
491,62.39639668566184,-152.10899388792396,Fails,588.1645249564258
492,62.39696166863628,-152.09778520674905,Fails,78.42613062188954
493,62.39757110994926,-152.1255651527061,Fails,933.1911883243449
494,62.39794405267152,-152.12235429926312,Fails,682.2447928508069
495,62.39897178118969,-152.10709809414155,Fails,166.1157536428429
496,62.399470258102255,-152.12942034825068,Fails,733.5278133109741
497,62.399402921593946,-152.11708845089726,Passes,3103.1461458687736
498,62.40157900919665,-152.12433940654762,Fails,49.1937275266157
499,62.40151849111435,-152.1423454272215,Fails,213.87194572524282
500,62.40157995479168,-152.14516802840373,Fails,204.6063969997687
501,62.40122089429463,-152.1331140291217,Fails,1129.1442781473165
502,62.4029032316096,-152.1505712696854,Fails,166.10964004195193
503,62.403369650996325,-152.13970658667463,Fails,126.1807664986503
504,62.40296635255462,-152.11909447585722,Fails,766.3442563018873
505,62.404539303563716,-152.14359652219213,Fails,144.70789002341024
506,62.40439866234728,-152.141862895637,Fails,215.3000605872549
507,62.404854865599404,-152.1393851894285,Fails,106.21438443747712
508,62.405036832028756,-152.14031421634624,Fails,146.1422853337309
509,62.40449841081315,-152.15315662252084,Fails,739.9728346810273
510,62.405365212833274,-152.1428322031009,Fails,272.3190222840647
511,62.40538124683606,-152.13063423270168,Fails,213.86238605328745
512,62.406022675468755,-152.1506455002201,Fails,223.1247945051625
513,62.4060335062204,-152.1566982521289,Fails,660.7537552953876
514,62.40663997930504,-152.1536369230215,Fails,204.59569788400105
515,62.40702443311893,-152.1454955481389,Fails,146.13922839006372
516,62.408490903654176,-152.15258757231052,Fails,58.45485763250211
517,62.408715859918615,-152.15419095185962,Fails,164.6629058203651
518,62.40942538487831,-152.1445808998496,Fails,96.94433358416862
519,62.409614175202734,-152.15088832213863,Fails,155.39807957187563
520,62.40916234283832,-152.15967935163113,Fails,952.3466333729726
521,62.41104126352272,-152.1527201807572,Fails,186.06115417886608
522,62.412442857172195,-152.13165967798508,Fails,953.7494569378838
523,62.428157164069475,-152.13055574831372,Fails,203.0991015003671
524,62.43004102726655,-152.14437658320006,Fails,745.2211664776697
525,62.78212796632136,-152.35014573194638,Fails,331.0434243746702
526,62.791178347919285,-152.35366133227762,Fails,67.36234186946658
527,62.818523065167895,-152.3778799123375,Fails,38.23655070554882
528,62.830407303579264,-152.38446030819242,Fails,223.64008569458102
529,62.67789755076621,-152.41717487363138,Fails,737.3245004868957
530,62.67977944727546,-152.3840516847335,Passes,7344.210717203529
531,62.7329281627435,-152.39715176956616,Fails,203.88790878437337
532,62.733721616771184,-152.39558740610292,Fails,375.36618442388954
533,62.736991969981204,-152.38517423244457,Fails,116.50247074467197
534,62.74571760577428,-152.35295465758747,Fails,125.65041023912231
535,62.237287695371016,-152.39086213668,Fails,722.6867322306548
536,62.24523022837993,-152.41782499863805,Fails,146.3892979449987
537,62.484196067749025,-152.846346009656,Fails,402.9154911396356
538,62.48529001613949,-152.8450098488482,Fails,175.22162164326625
539,62.48614583741241,-152.8318298338066,Passes,4145.8273198731085
540,62.474682212083806,-152.40824907070495,Fails,730.5362743243697
541,62.48258908151855,-152.36463547844858,Fails,127.54171490923841
542,62.48337571436197,-152.3809278718177,Fails,404.4052101620642
543,62.48524334894295,-152.3847606684269,Fails,627.2947244651992
544,62.48713533799994,-152.38987281195236,Fails,222.8988584961093
545,62.49212662322079,-152.42331926602338,Fails,396.6031163050888
546,62.492591180553454,-152.42656860073677,Fails,435.0391282836101
547,62.49610658769864,-152.40921486052434,Fails,213.6377481334376
548,62.497698744597436,-152.41242911816477,Fails,49.16398005057499
549,62.503218627807975,-152.41697987770996,Fails,155.2242543886031
550,62.504165283805655,-152.4188277846626,Fails,310.44416962176615
551,62.50504278541091,-152.4369589749161,Fails,488.867452302852
552,62.35250486187545,-152.1531829492369,Fails,358.8127703602223
553,62.35511542053447,-152.1502185087993,Fails,340.2413619953164
554,62.36136212493838,-152.10649610095797,Fails,758.2931572186983
555,62.750569363846886,-152.34383461860773,Fails,291.21324854453695
556,62.752121490555844,-152.33862731680165,Fails,214.65359064134955
557,62.75496497950899,-152.34028662438928,Fails,738.8019772802674
558,62.75811503148593,-152.33840363696174,Fails,787.8607809091
559,62.7603791437574,-152.3369656780764,Fails,420.12102142734574
560,62.76834861773203,-152.33403014893534,Fails,385.99579382712295
561,62.76966070248035,-152.33607631152694,Fails,87.34649404231854
562,62.77185396624509,-152.33529417180776,Fails,746.1630269678045
563,62.77313846593746,-152.33423547814314,Fails,194.65028788257888
564,62.77410569958991,-152.3354275282662,Fails,260.36205271111476
565,62.775454048067054,-152.33692997371216,Fails,174.68194653192512
566,62.77630823558283,-152.338645778419,Fails,240.39053261759827
567,62.77784734910296,-152.3417376940731,Fails,212.93908027217458
568,62.77863124738773,-152.346641234731,Fails,240.38255780307537
569,62.512833188787624,-152.1758494244668,Passes,1547.518534165859
570,62.43277250837366,-152.27463154609316,Fails,127.58800763845947
571,62.43262662811385,-152.26798785194484,Fails,640.4676603508337
572,62.43614190363775,-152.2838827676224,Fails,186.02238037206573
573,62.43723699274601,-152.29002981078082,Fails,58.43706908559611
574,62.43751361681762,-152.29054170790303,Fails,107.61942892582954
575,62.43709254603588,-152.28147313386685,Fails,490.8906772597944
576,62.43752651944908,-152.28484775229862,Fails,444.6165750411328
577,62.438379136464384,-152.29455988642786,Fails,106.16254807324988
578,62.438386685332325,-152.29145352727315,Fails,213.7807816626264
579,62.43881348671164,-152.2852262919099,Fails,146.09003186250382
580,62.43861047866305,-152.29276186850015,Fails,426.10281995541374
581,62.439295012799164,-152.28825546923846,Fails,175.30703747753734
582,62.43975740877173,-152.2878148219517,Fails,67.68910967524896
583,62.43949313021074,-152.29711905006215,Fails,350.6124070286647
584,62.4397250694215,-152.2960326101708,Fails,290.71959681636736
585,62.440071128109416,-152.2986526503487,Fails,155.34154425845605
586,62.44222017467374,-152.29618573837618,Fails,106.15657127722619
587,62.44357225434496,-152.30292847754293,Fails,87.64968243088418
588,62.44350320017686,-152.30120191964087,Fails,426.0767998211327
589,62.44419125739048,-152.30457620703498,Fails,767.9047211244775
590,62.44532183030309,-152.30731596346237,Fails,67.68393895353913
591,62.448016776155434,-152.30925375786094,Fails,58.430397179126594
592,62.4484710670277,-152.31679447301738,Fails,58.43011917038825
593,62.44881841560423,-152.3226514886698,Fails,175.2893566663612
594,62.44999820301069,-152.32062129612774,Fails,49.17874583638195
595,62.44980057364817,-152.32107748406324,Fails,355.435035324721
596,62.449551729989054,-152.32655657878996,Fails,1138.8393618668135
597,62.45067585520709,-152.33317790110164,Fails,444.5353987180714
598,62.45434006021727,-152.34263002058867,Fails,204.4921834086045
599,62.38037363526124,-152.0571223237596,Fails,67.74421994138697
600,62.38018541682076,-152.05558663239293,Fails,193.96069242936974
601,62.380625012563435,-152.0565440804759,Fails,224.61607033991788
602,62.3811333533301,-152.05637287215114,Fails,38.50764912769003
603,62.38127708377556,-152.05022839560775,Fails,49.20000730603047
604,62.381310449771824,-152.0559545138902,Fails,87.70746194535937
605,62.38146242040259,-152.0507692759683,Fails,193.9575806194045
606,62.3819418370858,-152.05340843171354,Fails,38.507149013589284
607,62.382512030892464,-152.04231092837205,Fails,203.226158339764
608,62.3829958603525,-152.05103089059492,Fails,166.14048368683424
609,62.3834689730688,-152.05296526284,Fails,136.90466303215715
610,62.38373846765404,-152.05337249910218,Fails,29.235098253551538
611,62.38391951273437,-152.06069584170302,Fails,96.97590072651931
612,62.38482515693107,-152.02069233349943,Fails,370.77933639433826
613,62.383981188921,-152.0601584784426,Passes,3252.1852762841636
614,62.39011544932978,-152.06877702096256,Fails,220.31699909040475
615,62.400001414652984,-152.05584229274078,Fails,548.9665746938986
616,62.417117063668194,-152.0412478093816,Fails,1124.4754691943158
617,62.41960629143166,-151.98795554681203,Fails,332.1667536804867
618,62.42038716463103,-151.98565749298527,Fails,416.9449256001133
619,62.421593473726844,-151.9826092097878,Fails,190.9668485984752
620,62.42268006604997,-151.98581032964043,Fails,861.0568334178913
621,62.45830861751689,-152.35078472711228,Fails,518.0333189685286
622,62.45985389339308,-152.35199515271157,Fails,261.4334211388265
623,62.460238997249654,-152.3501219700582,Fails,58.422834894981165
624,62.46204602936331,-152.3533833273371,Fails,195.22882655767953
625,62.464656573836955,-152.35209577330428,Fails,1125.0976279744807
626,62.46896111023771,-152.35198940900764,Fails,193.74100011710084
627,62.38703866801212,-152.2311306608664,Fails,913.3863329085491
628,62.39831396179081,-152.17634003002854,Fails,472.65830373613517
629,62.40554237623019,-152.24896448254407,Fails,326.4671368918748
630,62.40766767551384,-152.1698385022955,Fails,493.9928027313096
631,62.4084194847993,-152.16694610990157,Fails,312.2373354014894
632,62.40966384675373,-152.17667525500042,Fails,132.55740432958237
633,62.409682869900934,-152.17471481399804,Fails,230.93919015158374
634,62.411011319679915,-152.18276583262676,Fails,58.453301320756395
635,62.41113708381969,-152.1824424391245,Fails,47.75155085955133
636,62.41011926232249,-152.17190711859345,Fails,1092.7083725584491
637,62.41203678112732,-152.18160907894546,Fails,96.9411097651782
638,62.41175496850643,-152.1757691282791,Fails,320.0496464545123
639,62.412066047507615,-152.17009113238856,Fails,213.8459337361595
640,62.412250994771995,-152.18416393786896,Fails,107.64286022838029
641,62.41401998486995,-152.178015817809,Fails,136.86687063787684
642,62.41442107590802,-152.18420132915125,Fails,1726.9326523008122
643,62.41649104291304,-152.20949969548212,Fails,49.189114204192144
644,62.41742812759362,-152.18922330112702,Fails,232.35346357616817
645,62.41793194062877,-152.1933803260239,Fails,307.87756516410354
646,62.420308191858794,-152.19262380635234,Fails,230.89983576022092
647,62.420556327898815,-152.21776092949503,Fails,127.59926485433975
648,62.42039641638312,-152.19957602742954,Fails,463.24162596493045
649,62.42080894504536,-152.19686339381892,Fails,176.78662805883343
650,62.42270600265562,-152.22407866153168,Fails,166.07906873117645
651,62.423763250643866,-152.20734926689434,Fails,167.5244974162167
652,62.4256737163068,-152.21267405801768,Fails,346.31923507744773
653,62.424569838703604,-152.20514310484495,Fails,1066.1626548118525
654,62.42772274801156,-152.2090007849936,Fails,175.32855262399227
655,62.42855778116634,-152.2034876022438,Fails,287.8609297733281
656,62.42918723226193,-152.23590417606673,Fails,186.0330822717766
657,62.43002706898246,-152.25488681100188,Fails,164.61679598881557
658,62.430122740950786,-152.25261126435962,Fails,223.05775671581256
659,62.43106277366297,-152.25510874771916,Fails,175.32238184826736
660,62.43175825667254,-152.2467783977496,Fails,223.0530034784337
661,62.4281309165586,-152.22569901233504,Passes,4230.910295656602
662,62.43220050419703,-152.2363095696308,Fails,176.77261908480264
663,62.43276989788479,-152.2332552976648,Fails,827.9419736154132
664,62.43342248938812,-152.2527086606483,Fails,364.7866255310013
665,62.43427605223808,-152.24348541263114,Fails,172.4092875090326
666,62.43431500017349,-152.23366990471902,Fails,87.65827222581053
667,62.43532408673623,-152.2341701553516,Fails,301.4449193374993
668,62.243406220583985,-152.44076968207116,Fails,391.2679606817056
669,62.24805969118766,-152.46502064096765,Fails,175.6618295603322
670,62.25272217784949,-152.5212989418315,Fails,505.65116036029224
671,62.290181925197274,-153.56657860643296,Fails,126.35575101996113
672,62.2968528689405,-153.55222189489223,Fails,532.1866839213976
673,62.30549263979213,-153.5598497971857,Fails,87.77778686913821
674,62.32063281707274,-153.56509139557366,Fails,553.4606560037187
675,62.32576119921697,-153.55921840987173,Fails,49.21717350154353
676,62.35209842132383,-153.54871364914158,Fails,166.18826634533136
677,62.36424768766357,-153.5462201204199,Fails,292.41015873525646
678,62.36821358328827,-153.0621346492761,Fails,136.92355527689028
679,62.15535879889551,-152.78405435859045,Fails,980.6293590535088
680,62.278332916262485,-153.35889271948955,Fails,166.30225120190917
681,62.27890541298419,-153.35728865955625,Fails,622.5575471628903
682,62.164997498217225,-152.9163360824073,Fails,1242.3033839691784
683,62.17654743726358,-152.98996320084746,Fails,243.7270732077281
684,62.20456859017853,-153.15250195014238,Passes,2440.480576829914
685,62.207194361496605,-152.89418841851574,Fails,332.82344132543994
686,62.208908347058674,-152.89578262870666,Fails,515.2467317558782
687,62.20613953972744,-152.7027586292236,Fails,495.30063162135434
688,62.226165967223515,-152.6805370193401,Passes,1677.1295946062687
689,62.231911428906955,-152.67885346138507,Fails,998.2314553320741
690,62.119869112984134,-153.0755275539711,Fails,999.8043901926318
691,62.12124674912194,-153.0139949313282,Fails,301.2523606974201
692,62.121693558227314,-153.04295767292976,Fails,146.57996738416307
693,62.12014625980697,-152.9953857886801,Fails,1363.4564033587835
694,62.12259059249143,-153.01779507719678,Fails,370.4901581773679
695,62.12711218733475,-153.03902224125756,Fails,710.3592334912344
696,62.135857348154104,-153.0724572900187,Fails,58.6233383918525
697,62.13558957636529,-153.02754841699848,Fails,783.7937520613892
698,62.13745634935983,-153.006143655745,Fails,145.28552075804808
699,62.137543753009105,-153.05683000310583,Fails,442.6602794743137
700,62.138514799107654,-153.02440757718676,Fails,307.9883300980325
701,62.138874125221285,-153.00339481097558,Fails,242.56074777087187
702,62.13954044081898,-153.00226293371765,Fails,49.27469146886753
703,62.14027672036508,-153.06397854968424,Fails,531.8398355107845
704,62.1411574083304,-153.000376471621,Fails,49.274192460488734
705,62.14281297012811,-152.997732097592,Fails,291.82060749504467
706,62.14334186329027,-153.05832214414116,Fails,301.1637098636542
707,62.14691326338272,-153.03527813745777,Passes,2257.43658352926
708,62.149134448053374,-153.0116827459013,Fails,253.1465120735193
709,62.150196803519826,-153.00806995617162,Fails,299.85814208367225
710,62.152251211517424,-153.0367144965792,Fails,233.17292656356867
711,62.16250516186124,-153.00560277538452,Fails,279.8374204484612
712,62.20244376661832,-153.0767277037468,Fails,1012.0716452842853
713,62.152596416956044,-152.82849282515755,Fails,165.21688223623974
714,62.156573752069086,-152.8194449100517,Fails,605.1498591304448
715,62.161228278704016,-152.8860226072368,Fails,530.3803067855051
716,62.161971190133805,-152.890234584624,Fails,662.408540724155
717,62.161938357460144,-152.86638189721253,Fails,1289.0780424601253
718,62.16363139815571,-152.8782099296752,Fails,414.43473291230333
719,62.172366592377436,-152.8235392580194,Fails,271.7469817233462
720,62.18662321789496,-152.89320193013145,Fails,652.5365023796862
721,62.234221238464656,-152.9106331414369,Fails,645.5196957086368
722,62.158024426797674,-153.35863003860163,Passes,2217.22006580199
723,62.39095206549573,-153.47148109692924,Passes,37551.0410404522
724,62.35116565405947,-153.44529611657788,Passes,10464.815919232147
725,62.35178154307526,-153.4518038569653,Fails,224.6796592591558
726,62.364306624750995,-153.54445438429266,Fails,280.312411981051
727,62.3789840817852,-153.519113437378,Fails,409.3096575279451
728,62.377296548938794,-153.47759730167877,Passes,1740.5600829123418
729,62.28387639799398,-153.3759969808369,Passes,8531.214134086471
730,62.18461996686872,-153.4116744037859,Passes,9511.910679418259
731,62.46283794320392,-153.48600824101803,Passes,34813.74214568763
732,62.51833030827725,-153.5450491181873,Passes,11498.348461489779
733,62.51466982583173,-153.54341296077277,Fails,338.0972485266844
734,62.56340152447793,-153.56794204940863,Fails,512.9448507722196
735,62.47126324353755,-153.5740662493723,Fails,1303.313083014224
736,62.567208394836044,-153.58470301854823,Passes,4708.627307558371
737,62.37920134873764,-153.11823292997107,Fails,397.19807548872365
738,62.59250504849335,-153.26779263896788,Fails,204.1928671626527
739,62.505127628667466,-152.4410311101518,Fails,584.2007321329017
740,62.379000496184084,-152.0531089932855,Fails,1324.9971753779655
741,62.37968361066388,-152.03531497986785,Fails,106.25356387966083
742,62.41271811871974,-151.9803215001976,Fails,58.45224523331818
743,62.40368720620164,-152.07744752928244,Passes,2670.877363672454
744,62.39223589984513,-152.07190332502097,Fails,592.491190675597
745,62.38791655326052,-152.07038545884762,Fails,1485.9261188511105
746,62.4101964607835,-152.16575734354188,Fails,1367.7161979059126
747,62.40122089429463,-152.13311907583682,Fails,1129.1442781473168
748,62.404854865599404,-152.13942511455227,Fails,106.21438443747712
749,62.403369650996325,-152.13971856421176,Fails,126.1807664986503
750,62.405036832028756,-152.14033494669894,Fails,146.14228533373088
751,62.40439866234728,-152.14187874825967,Fails,215.30006058725488
752,62.40151849111435,-152.1423596111471,Fails,213.87194572524282
753,62.405365212833274,-152.14284001453817,Fails,272.3190222840647
754,62.4045393035637,-152.14361034242728,Fails,144.70789002341024
755,62.40942538487831,-152.14460539935735,Fails,96.94433358416863
756,62.40157995479168,-152.14518694030443,Fails,204.60639699976872
757,62.407024433118934,-152.14551188114407,Fails,146.13922839006372
758,62.43004102726655,-152.14438166800355,Fails,745.2211664776698
759,62.35511542053447,-152.15022395313434,Fails,340.2413619953164
760,62.406022675468755,-152.15065833329558,Fails,223.1247945051625
761,62.4029032316096,-152.1505818381005,Fails,166.10964004195193
762,62.409614175202734,-152.1509041747613,Fails,155.39807957187563
763,62.40849090365418,-152.152600405386,Fails,58.454857632502105
764,62.411041263522726,-152.1527381470629,Fails,186.06115417886608
765,62.35250486187545,-152.15319383790705,Fails,358.8127703602223
766,62.40663997930504,-152.15366456349182,Fails,204.59569788400105
767,62.40449841081315,-152.15316154479635,Fails,739.9728346810274
768,62.408715859918615,-152.15421208868986,Fails,164.6629058203651
769,62.4060335062204,-152.15671736522003,Fails,660.7537552953875
770,62.40916234283832,-152.15968378775597,Fails,952.3466333729726
771,62.4101761762448,-152.16575637761153,Fails,1367.7646381685304
772,62.4084194847993,-152.16696954421332,Fails,312.2373354014894
773,62.412066047507615,-152.17010698501122,Fails,213.8459337361595
774,62.40766767551384,-152.16984232491373,Fails,493.9928027313096
775,62.41011926232249,-152.17190913727947,Fails,1092.7083725584491
776,62.409682869900934,-152.17474651924334,Fails,230.93919015158372
777,62.512833188787624,-152.17585066352234,Passes,1547.518534165859
778,62.41175496850643,-152.17579256259086,Fails,320.04964645451236
779,62.39831396179081,-152.1763487940801,Fails,472.6583037361351
780,62.40962791414237,-152.17685491805724,Fails,132.55796015429507
781,62.41401998486995,-152.17802963804417,Fails,136.86687063787684
782,62.41203678112732,-152.1816228991806,Fails,96.9411097651782
783,62.411119117514,-152.18249633804152,Fails,47.751634234385335
784,62.41097538706854,-152.18280176523814,Fails,58.453412487065094
785,62.41225099477201,-152.1841802708741,Fails,107.64286022838031
786,62.41442107590802,-152.18420415404205,Fails,1726.932652300812
787,62.41742812759362,-152.18924694100292,Fails,232.35346357616817
788,62.42030819185879,-152.1926790872929,Fails,230.89983576022095
789,62.41793194062877,-152.1933982923296,Fails,307.87756516410354
790,62.42080894504536,-152.19687537135601,Fails,176.78662805883346
791,62.42039641638312,-152.19959482937733,Fails,463.24162596493045
792,62.428557781166354,-152.20354433794597,Fails,287.86092977332817
793,62.424569838703604,-152.20514628472205,Fails,1066.1626548118525
794,62.42376325064387,-152.20735617701192,Fails,167.5244974162167
795,62.42772274801156,-152.20902842546388,Fails,175.32855262399227
796,62.41645511030167,-152.2095176617878,Fails,49.18916979012405
797,62.4256737163068,-152.21273079371986,Fails,346.3192350774478
798,62.420556327898815,-152.2177772625002,Fails,127.59926485433976
799,62.42270600265563,-152.22409939188438,Fails,166.07906873117648
800,62.38703866801212,-152.23113882736897,Fails,913.3863329085491
801,62.340622170801396,-152.22984133589478,Fails,223.30682281066086
802,62.4281309165586,-152.2257022110838,Passes,4230.910295656602
803,62.43276989788479,-152.2332635898059,Fails,827.9419736154132
804,62.434315000173484,-152.23367681483657,Fails,87.65827222581053
805,62.43532408673623,-152.2341783218542,Fails,301.4449193374993
806,62.42918723226193,-152.2359221423724,Fails,186.03308227177658
807,62.43220050419703,-152.23631647974838,Fails,176.77261908480267
808,62.43427605223808,-152.24353441164666,Fails,172.4092875090326
809,62.43175825667254,-152.24682676857262,Fails,223.0530034784337
810,62.40554237623019,-152.24900041515545,Fails,326.4671368918749
811,62.34463779772061,-152.25207913538839,Fails,636.4403443267939
812,62.43342248938812,-152.2527481865208,Fails,364.7866255310013
813,62.430122740950786,-152.25262072030995,Fails,223.05775671581256
814,62.43002706898246,-152.2548920952094,Fails,164.61679598881557
815,62.43106277366297,-152.25511931613426,Fails,175.32238184826736
816,62.43262662811385,-152.26800858229757,Fails,640.4676603508337
817,62.43277250837366,-152.27464152737411,Fails,127.58800763845947
818,62.43709254603588,-152.2814856684987,Fails,490.8906772597944
819,62.43614190363773,-152.2838870453142,Fails,186.02238037206573
820,62.43752651944908,-152.28486308938884,Fails,444.6165750411328
821,62.43881348671164,-152.2852470222626,Fails,146.09003186250382
822,62.439721476160365,-152.28786872086874,Fails,67.68927646840724
823,62.439295012799164,-152.28826492518883,Fails,175.30703747753734
824,62.437236992746016,-152.29005547693177,Fails,58.43706908559611
825,62.43751361681762,-152.29056167046488,Fails,107.61942892582952
826,62.438386685332325,-152.2914799483109,Fails,213.78078166262642
827,62.43861047866304,-152.29277400789587,Fails,426.10281995541374
828,62.438379136464384,-152.29459838565433,Fails,106.16254807324988
829,62.4397250694215,-152.29604698321535,Fails,290.71959681636736
830,62.442220174673736,-152.29620646872888,Fails,106.15657127722618
831,62.43949313021074,-152.29713353901835,Fails,350.61240702866473
832,62.440071128109416,-152.298680290819,Fails,155.34154425845603
833,62.44350320017686,-152.30120558623386,Fails,426.0767998211327
834,62.44357225434496,-152.3029484401048,Fails,87.64968243088418
835,62.444190186373724,-152.30372153568268,Fails,96.90130596882291
836,62.44419125739048,-152.30457915233097,Fails,767.9047211244775
837,62.44419018637373,-152.30369703617495,Fails,96.9013059688229
838,62.44532183030309,-152.30734162961335,Fails,67.68393895353913
839,62.44801677615544,-152.30926659093646,Fails,58.4303971791266
840,62.44843513441633,-152.31683040562876,Fails,58.43023037465168
841,62.449962270399325,-152.32063926243342,Fails,49.17880143928681
842,62.44980057364817,-152.32112435268678,Fails,355.435035324721
843,62.44881841560422,-152.32267544374412,Fails,175.28935666636121
844,62.449551729989054,-152.32656070897517,Fails,1138.8393618668135
845,62.45067585520708,-152.33318711459174,Fails,444.5353987180714
846,62.76834861773203,-152.33404920410806,Fails,385.99579382712295
847,62.77313846593744,-152.33424403352677,Fails,194.65028788257888
848,62.77410569958991,-152.3354408366408,Fails,260.3620527111148
849,62.76966070248035,-152.33609627408882,Fails,87.34649404231854
850,62.77185396624508,-152.33529858975177,Fails,746.1630269678045
851,62.76037914375739,-152.336981166271,Fails,420.1210214273457
852,62.775454048067054,-152.3369441576377,Fails,174.68194653192512
853,62.75811503148593,-152.33840869789293,Fails,787.8607809091
854,62.752121490555844,-152.33863677275198,Fails,214.65359064134958
855,62.77630823558283,-152.33865861149448,Fails,240.39053261759827
856,62.75496497950899,-152.34029600977283,Fails,738.8019772802674
857,62.77784734910296,-152.3417676379159,Fails,212.9390802721746
858,62.45434006021728,-152.3426539756629,Fails,204.49218340860452
859,62.75056936384689,-152.34385600706688,Fails,291.2132485445369
860,62.77863124738773,-152.34667905853246,Fails,240.3825578030754
861,62.78212796632136,-152.35015732311135,Fails,331.0434243746702
862,62.46020306463829,-152.35015790266957,Fails,58.4229461111582
863,62.45830861751689,-152.3507947083932,Fails,518.0333189685285
864,62.46896111023771,-152.35201054583786,Fails,193.74100011710084
865,62.45985389339308,-152.3520068698674,Fails,261.43342113882653
866,62.46465657383694,-152.3520984415675,Fails,1125.0976279744805
867,62.74571760577428,-152.35297262389315,Fails,125.65041023912231
868,62.46204602936331,-152.35338805531228,Fails,195.2288265576795
869,62.791142415307924,-152.35371523119466,Fails,67.36250919340192
870,62.607204940019045,-152.3625562158779,Fails,193.3984337791409
871,62.67977944727546,-152.38405537960355,Passes,7344.210717203528
872,62.48258908151856,-152.36464364495114,Fails,127.54171490923841
873,62.60686886223058,-152.36575351154025,Fails,213.36326084190674
874,62.818505098862204,-152.37791584494886,Fails,38.236606493877446
875,62.48337571436197,-152.3809424390926,Fails,404.4052101620641
876,62.830407303579264,-152.38448394806832,Fails,223.64008569458105
877,62.7369919699812,-152.3851987319523,Fails,116.50247074467197
878,62.48524334894295,-152.3847725329684,Fails,627.2947244651992
879,62.48713533799994,-152.38988843482687,Fails,222.8988584961093
880,62.237287695371016,-152.39087069206363,Fails,722.6867322306547
881,62.733721616771184,-152.3955922618612,Fails,375.3661844238895
882,62.7329281627435,-152.39716032494982,Fails,203.8879087843734
883,62.474682212083806,-152.40826263018093,Fails,730.5362743243697
884,62.49610658769864,-152.40923624898346,Fails,213.63774813343758
885,62.497662811986075,-152.41244708447044,Fails,49.16403567760963
886,62.503218627807975,-152.41699573033262,Fails,155.2242543886031
887,62.24523022837993,-152.41783697617515,Fails,146.38929794499873
888,62.67789755076621,-152.41718223687138,Fails,737.3245004868955
889,62.504165283805655,-152.41884109303717,Fails,310.44416962176615
890,62.49212662322079,-152.42333466571395,Fails,396.60311630508875
891,62.492591180553454,-152.42658656704245,Fails,435.0391282836102
892,62.50504278541091,-152.43698195507454,Fails,488.86745230285203
893,62.50514229503945,-152.4410347767448,Fails,584.1933888489498
894,62.24340622058397,-152.44077481530135,Fails,391.2679606817056
895,62.50681963911554,-152.4524161258452,Fails,145.98478130039524
896,62.24805969118765,-152.46504828143793,Fails,175.6618295603322
897,62.50965315268184,-152.4648609934238,Fails,350.35179229008025
898,62.510871829042784,-152.46613135144446,Fails,195.13821910952518
899,62.54085876706879,-152.51673095698436,Fails,364.1213876726707
900,62.2527221778495,-152.521314911881,Fails,505.6511603602923
901,62.231911428906955,-152.67886011557238,Fails,998.2314553320741
902,62.226165967223515,-152.68054095356766,Passes,1677.1295946062687
903,62.20613953972744,-152.70276661424836,Fails,495.3006316213543
904,62.13499634750486,-152.7604488974443,Fails,144.02231495778537
905,62.15535879889551,-152.78406951089644,Fails,980.6293590535088
906,62.156573752069086,-152.81946162289415,Fails,605.1498591304448
907,62.48614583741241,-152.83183556011915,Passes,4145.8273198731085
908,62.17236659237745,-152.82358203493771,Fails,271.7469817233462
909,62.15259641695604,-152.82852046562783,Fails,165.21688223623977
910,62.48529001613948,-152.8450338039224,Fails,175.22162164326625
911,62.484196067749025,-152.8463892618734,Fails,402.91549113963555
912,62.161938357460144,-152.86639473028805,Fails,1289.0780424601253
913,62.3049373373901,-152.87169113234575,Fails,562.472516480138
914,62.30024818960961,-152.87395185622577,Fails,252.6798530909543
915,62.16363139815571,-152.8782409060643,Fails,414.4347329123034
916,62.161228278704016,-152.88603723097398,Fails,530.3803067855051
917,62.161971190133805,-152.89023825121703,Fails,662.408540724155
918,62.18662321789496,-152.89321022227253,Fails,652.5365023796861
919,62.207194361496605,-152.89419560503802,Fails,332.82344132543994
920,62.208908347058674,-152.8957886174752,Fails,515.2467317558782
921,62.234221238464656,-152.91066254084623,Fails,645.5196957086368
922,62.164997498217225,-152.9163468621907,Fails,1242.3033839691784
923,62.17654743726358,-152.98997398063088,Fails,243.7270732077281
924,62.12014625980699,-152.99539470812263,Fails,1363.4564033587835
925,62.14281297012811,-152.99774873306026,Fails,291.82060749504467
926,62.141121475719046,-153.00039443792667,Fails,49.27424790623174
927,62.13950450820762,-153.00228090002332,Fails,49.27474691378345
928,62.13887412522127,-153.00341824528735,Fails,242.56074777087184
929,62.162505161861226,-153.00564059918594,Fails,279.8374204484613
930,62.13745634935984,-153.00617359958784,Fails,145.28552075804808
931,62.150196803519826,-153.00811682479517,Fails,299.85814208367225
932,62.14913444805338,-153.01169836877582,Fails,253.1465120735193
933,62.12124674912194,-153.01400491260915,Fails,301.25236069742016
934,62.12259059249143,-153.01781685453702,Fails,370.4901581773679
935,62.138514799107654,-153.02442320006125,Fails,307.98833009803246
936,62.13558957636529,-153.0275545698429,Fails,783.7937520613892
937,62.14691326338272,-153.03528500356185,Passes,2257.43658352926
938,62.152251211517424,-153.03672230801646,Fails,233.1729265635687
939,62.12711218733475,-153.03902962467086,Fails,710.3592334912344
940,62.121693558227314,-153.0429735255524,Fails,146.57996738416307
941,62.137543753009105,-153.05684214250152,Fails,442.6602794743137
942,62.14334186329026,-153.0583345346968,Fails,301.16370986365416
943,62.36821358328827,-153.06216459311887,Fails,136.92355527689028
944,62.14027672036508,-153.06399210916024,Fails,531.8398355107844
945,62.081786467895405,-153.07291355521025,Fails,885.4941594582756
946,62.13582141554273,-153.07249322263007,Fails,58.62344927791622
947,62.119869112984134,-153.07553347692905,Fails,999.8043901926318
948,62.20244376661832,-153.07673276467798,Fails,1012.0716452842853
949,62.07090852271557,-153.08130868995156,Fails,695.8154768646837
950,62.08665184177008,-153.08302568264,Fails,479.8278498794353
951,62.08985847237699,-153.08516973459655,Fails,405.596566487426
952,62.06929988544615,-153.08710068468824,Fails,234.6569714408976
953,62.08698485062746,-153.08888678555348,Fails,145.39455359598844
954,62.08542592810363,-153.0917531023216,Fails,49.291431652450164
955,62.0953370796905,-153.09426526054227,Fails,204.02454802910313
956,62.042439203677645,-153.10064543917932,Fails,829.687304188249
957,62.09689441989756,-153.10426363984513,Fails,146.61821378094342
958,62.082162049238,-153.1168400538228,Fails,146.64093575072508
959,62.379203437842946,-153.11824964281357,Fails,397.1976031672637
960,62.06374165398649,-153.12132247095028,Fails,176.0032006290034
961,62.03800856971596,-153.13684168527752,Fails,762.8793107835423
962,62.34095742722323,-153.1400857312083,Fails,116.99317361449192
963,62.20456859017853,-153.1525053560771,Passes,2440.480576829914
964,62.368765348498336,-153.17051019991095,Fails,300.2585136024865
965,62.375008690095775,-153.17862589921552,Fails,1173.0933001061674
966,62.337493196827566,-153.19062168249178,Fails,58.49886422101358
967,62.336369019414896,-153.19218218447108,Fails,224.71173893446448
968,62.589508023361944,-153.24424042228551,Fails,460.53996654124063
969,62.592490864567814,-153.26779736694303,Fails,204.19345174941316
970,62.30174024851961,-153.2711107319489,Fails,58.52096784060393
971,62.30147075393438,-153.27114666456026,Fails,49.224726086208754
972,62.57889446874472,-153.2724841562055,Fails,436.074048242463
973,62.575702915776326,-153.27791996180255,Fails,136.66661812021977
974,62.610931914581435,-153.28694961567024,Fails,1111.0073449747745
975,62.61093318279127,-153.29694148850535,Fails,853.4040418596204
976,62.61538351482316,-153.30065905564666,Fails,251.70450679195926
977,62.5892816980343,-153.30348891257984,Passes,1886.608034435922
978,62.5844787650904,-153.31107470590416,Fails,156.61986591976597
979,62.61575585999893,-153.31214707603368,Fails,877.6231250558234
980,62.5908865731412,-153.3209463504569,Passes,2281.283173170869
981,62.134224479429605,-153.31845669713496,Fails,900.5857015972617
982,62.11012959841692,-153.3262313577825,Fails,67.99479726400641
983,62.09679859960058,-153.3263032230052,Fails,29.323753602745015
984,62.097171899507536,-153.326738406854,Fails,233.344782286938
985,62.10660890706419,-153.32802481782616,Fails,546.4813519215847
986,62.11337874417709,-153.32589110020186,Passes,1804.0250104434879
987,62.09969540218148,-153.3285338631539,Fails,678.159099178043
988,62.10216215900996,-153.32991458759474,Passes,1610.8212282041413
989,62.09975474789708,-153.32964910193266,Fails,145.36700917435994
990,62.11677313900702,-153.32930359605416,Fails,438.5029722537122
991,62.12013182975156,-153.32995927360176,Fails,1243.1467019616166
992,62.121769102824196,-153.33410126509008,Fails,346.7488543244626
993,62.12511111022449,-153.33993324145456,Passes,1644.1258076449026
994,62.128538528539295,-153.3438089379419,Fails,547.6106294077546
995,62.13548005573477,-153.34436262681706,Fails,107.89941595666723
996,62.136750883411935,-153.3453282220949,Fails,1313.4565755880244
997,62.131757124739885,-153.34475071322237,Fails,1221.7732833244856
998,62.626998653332464,-153.34678481148316,Fails,268.4865546179665
999,62.134236234572136,-153.34736664338254,Fails,117.2485618366484
1000,62.15530459074775,-153.3482375156283,Fails,370.34927270627514
1001,62.148540872260384,-153.34915722346506,Passes,2576.9079609722844
1002,62.142044281386326,-153.34635101051578,Passes,1877.48952679147
1003,62.625421211693556,-153.35644555071008,Fails,98.24875686028258
1004,62.278905412984194,-153.35729713422873,Fails,622.5575471628904
1005,62.278332916262485,-153.35891344984228,Fails,166.3022512019092
1006,62.15859670237944,-153.36010582901855,Fails,106.59523408339217
1007,62.1580164881975,-153.35863045642273,Passes,2217.276435481415
1008,62.158626646222245,-153.36011581029948,Fails,106.59481817331277
1009,62.1606910099732,-153.36133117803678,Fails,174.53921714463104
1010,62.16105209748938,-153.36345554690018,Fails,508.7868251472893
1011,62.16189052508788,-153.36553494947853,Fails,531.6601738912551
1012,62.165099960602966,-153.36803187346985,Fails,416.99876479670957
1013,62.16279753374572,-153.36820644343902,Fails,367.7450631715046
1014,62.163764154109046,-153.37153724748327,Fails,78.57025224903879
1015,62.26361403678483,-153.3728590542585,Fails,333.9974919534109
1016,62.26819851175818,-153.3726312066352,Fails,646.6540462732198
1017,62.16488724032609,-153.372255438642,Fails,1850.2273979019863
1018,62.263877058841615,-153.3735740782864,Passes,2116.967222506812
1019,62.26361403678483,-153.37284194349118,Fails,333.9974919534109
1020,62.25787531532927,-153.3796369533172,Passes,2442.6923003346637
1021,62.26947354465778,-153.3754106044412,Fails,280.69360787840424
1022,62.29525863953431,-153.37723664277328,Fails,146.3119978447432
1023,62.26808399960462,-153.37851551370665,Fails,581.3593127210994
1024,62.26658609502981,-153.37919824195816,Fails,927.2214362874531
1025,62.29238809540016,-153.3802380726638,Fails,137.01731066993818
1026,62.283874907014244,-153.37599834756833,Passes,8531.298747680403
1027,62.29731019308514,-153.38255191506224,Fails,359.06853064517395
1028,62.25419083526891,-153.38680105844534,Fails,928.7415328557069
1029,62.25224307636463,-153.390802260405,Fails,49.23993718712402
1030,62.25250516342975,-153.39305308245494,Passes,4487.004816634694
1031,62.30103956259799,-153.38668598014752,Fails,127.71018596189978
1032,62.314260285469125,-153.3868825081273,Fails,372.42065941565073
1033,62.17041365099177,-153.38393395273482,Passes,2758.657286051857
1034,62.29745020718014,-153.38826823016004,Fails,293.9856764612172
1035,62.315165022687545,-153.39133336192907,Fails,540.041087458115
1036,62.31214696687575,-153.39152513999832,Fails,146.2858993199607
1037,62.25524097130246,-153.39195953830205,Fails,302.0574970977471
1038,62.31656245070758,-153.3918443061346,Fails,58.51180515898787
1039,62.31628513589172,-153.39365330749862,Passes,6563.357917083143
1040,62.31975216097797,-153.39269701464272,Fails,126.31007809607779
1041,62.2501179190639,-153.3921471667161,Fails,67.86500762513526
1042,62.31142831464846,-153.3923494763767,Fails,155.5802530961013
1043,62.32324078319124,-153.39228833054645,Fails,58.507584353916634
1044,62.31975216097797,-153.39271083487785,Fails,126.31007809607779
1045,62.24938643376112,-153.3941737407517,Fails,609.4461744468862
1046,62.17369695453631,-153.40041557304858,Passes,2558.8138441270785
1047,62.25438161117434,-153.39513377337497,Fails,385.85843663970456
1048,62.31096439766805,-153.39454916443145,Fails,392.3948143237499
1049,62.301944177755544,-153.3907140621771,Passes,3885.6375275504897
1050,62.246124858268,-153.39515701649768,Fails,137.07448724573575
1051,62.323953382081044,-153.39489756113989,Fails,550.272735191289
1052,62.25344470516232,-153.39641303198547,Fails,175.6518392270806
1053,62.30769948625613,-153.3967825620861,Fails,361.77134585006854
1054,62.32653646225653,-153.39925015293161,Fails,537.2215408265472
1055,62.2434252135357,-153.3999830426087,Fails,223.5771636801399
1056,62.6157572304265,-153.40331464409027,Fails,1704.5409243334298
1057,62.23836917492509,-153.40642580556806,Passes,8361.273313836591
1058,62.22959475142141,-153.4075791966512,Fails,383.3281433007264
1059,62.237594863663254,-153.40956097472747,Fails,186.32927007788015
1060,62.32525415014548,-153.4014915468673,Fails,329.68634683467536
1061,62.238803308562524,-153.40365253915044,Fails,292.79774250028026
1062,62.32445007672322,-153.4046910503396,Fails,494.53301924985027
1063,62.19192213432767,-153.40457622158556,Fails,292.94255541447956
1064,62.1930979980582,-153.4050546740413,Fails,342.1966984721758
1065,62.17151687167251,-153.40520045777888,Fails,253.07746968586957
1066,62.17447977214105,-153.4065972097149,Fails,86.6062574327045
1067,62.32916035379596,-153.40609017741872,Fails,517.2432188975879
1068,62.22959475142141,-153.40758278991234,Fails,383.3281433007264
1069,62.23761850353916,-153.40774034059294,Fails,117.12087285578973
1070,62.33248989045893,-153.40873015536488,Fails,292.5082072816193
1071,62.17720570517568,-153.40908056632264,Fails,407.5930183119686
1072,62.18799979461045,-153.40949144568071,Fails,165.14040185152882
1073,62.237594863663254,-153.40956570270265,Fails,186.32927007788018
1074,62.33001487696923,-153.40992274634556,Fails,383.0485883831746
1075,62.33335425319105,-153.41094284135548,Fails,587.3394303736007
1076,62.323377669329766,-153.4119286396313,Fails,106.34036544064391
1077,62.22321683863521,-153.41344430541304,Passes,6496.761665021774
1078,62.18054784252728,-153.41231483842438,Fails,137.15549202789109
1079,62.32804627126663,-153.4095394416177,Passes,2044.3908595235062
1080,62.17861162758413,-153.41406033412264,Fails,872.1997976080222
1081,62.19743647030863,-153.41370617557513,Fails,205.04813940097267
1082,62.33396716444784,-153.41382926870733,Fails,300.3982574045426
1083,62.33073296598945,-153.41461088203516,Fails,87.75437841842265
1084,62.199495945184445,-153.41433277951478,Fails,419.41389359550044
1085,62.332688509507285,-153.41640176009847,Passes,1861.3299000155844
1086,62.18461962268662,-153.41167383014906,Passes,9511.9349768084
1087,62.17861162758413,-153.4140575700756,Fails,872.1997976080222
1088,62.18054784252728,-153.41230101818923,Fails,137.15549202789109
1089,62.18799979461045,-153.4094703088505,Fails,165.14040185152882
1090,62.1989298608827,-153.4165048573142,Fails,271.64880216163516
1091,62.21700480987239,-153.41688933625582,Fails,165.07768486842915
1092,62.23623253138652,-153.41672250627448,Fails,78.52548321667265
1093,62.22499799044753,-153.41824497568456,Fails,556.3942602721172
1094,62.216414669572806,-153.41804277308063,Fails,322.1535104833904
1095,62.21604311920864,-153.42183991895783,Passes,3939.992672162526
1096,62.20712651227161,-153.41919747811525,Fails,753.5109535946434
1097,62.22385084538036,-153.41992017391004,Fails,283.5238293669564
1098,62.22885094636615,-153.42014123758435,Fails,38.6018268301594
1099,62.22233995718686,-153.42047541087004,Fails,363.3837109050868
1100,62.20447722378683,-153.41873878622062,Passes,3437.208815019907
1101,62.20712651227161,-153.41919642127374,Fails,753.5109535946434
1102,62.20881851553029,-153.42166837356734,Fails,38.614200081908336
1103,62.33057402390931,-153.42586042217528,Fails,574.3488319967479
1104,62.33199688931226,-153.42762765895984,Fails,87.75321202120259
1105,62.342866980809944,-153.43014413315493,Fails,321.72358954866905
1106,62.33967995289062,-153.4308902216126,Fails,67.78197114993299
1107,62.341630580364715,-153.43189975688426,Fails,293.8763797373948
1108,62.33960995429706,-153.43309167738033,Fails,126.27939116731369
1109,62.336184307279154,-153.42758534235642,Passes,6515.148277067697
1110,62.339609954297046,-153.43306717787257,Fails,126.2793911673137
1111,62.35079996202228,-153.44317445929025,Fails,480.8758009030512
1112,62.351422216961616,-153.44460877930865,Fails,87.73521445315349
1113,62.361468540748966,-153.44613986393026,Fails,146.20966297279892
1114,62.36229610959128,-153.44738927899758,Fails,263.17464321597737
1115,62.3515678444704,-153.44799057367953,Fails,263.2043934103636
1116,62.358467575404234,-153.44960901217584,Fails,1007.7422056532248
1117,62.3643091410403,-153.4492040268489,Fails,518.4693734112223
1118,62.357669358108886,-153.45086362030122,Fails,38.522206386191115
1119,62.35178582076709,-153.45181241234894,Fails,224.67946482365153
1120,62.36674129589759,-153.4546578249731,Fails,1200.2411742954553
1121,62.354697352911,-153.45709603718294,Fails,224.6720761606685
1122,62.35116575266708,-153.44529641240067,Passes,10464.804613778582
1123,62.35079996202228,-153.44315983555308,Fails,480.8758009030512
1124,62.351422216961616,-153.44458311315768,Fails,87.73521445315347
1125,62.3515678444704,-153.44798276224228,Fails,263.2043934103636
1126,62.371945006366104,-153.46243392116065,Fails,261.73272294980916
1127,62.36025592656891,-153.46393787481378,Fails,369.46262763464966
1128,62.3876551222928,-153.46451801261983,Fails,78.43202143033584
1129,62.41175455737814,-153.46508158726124,Fails,244.51253786826322
1130,62.41477825510465,-153.46531451883845,Fails,116.90182240370584
1131,62.36098143230247,-153.46580759411668,Fails,850.8284067724356
1132,62.36096916958589,-153.4659014181574,Fails,126.24633746819052
1133,62.36096916958589,-153.46591938446306,Fails,126.24633746819052
1134,62.371526336012266,-153.46619755243722,Fails,310.9368698488477
1135,62.36855977613751,-153.46693968150683,Fails,195.40242005585708
1136,62.371186008750605,-153.46715307078662,Fails,146.19466161629336
1137,62.36764876021421,-153.46848433880962,Fails,594.0726722454157
1138,62.37252150413966,-153.4683208806559,Fails,146.1925779871803
1139,62.38994043637561,-153.46890897772863,Fails,232.43850036775513
1140,62.37149112074886,-153.46927530124555,Fails,175.43292718017148
1141,62.38243002497814,-153.4702120924656,Fails,338.7098471322421
1142,62.39755814998493,-153.4709858826655,Fails,309.4091175143892
1143,62.36997627750132,-153.47107571419392,Fails,38.514594775064595
1144,62.369616951387684,-153.47116554572233,Fails,38.51481702401716
1145,62.417622920171034,-153.4714170740019,Fails,195.3113894713943
1146,62.372761054882105,-153.4717943664212,Fails,38.512872320944794
1147,62.39753659041811,-153.4718841979496,Fails,78.4259083155685
1148,62.381207396286854,-153.4722827232757,Fails,369.37200440053493
1149,62.46281165631173,-153.47231249149473,Fails,391.9252372802926
1150,62.409886628944186,-153.47223633754098,Fails,290.8303327889063
1151,62.37953435212436,-153.47274658062238,Fails,67.7451368052791
1152,62.38637951458934,-153.47329536959595,Fails,126.2070257201285
1153,62.37198850373776,-153.4737167611292,Fails,49.20292450823048
1154,62.4617302006213,-153.47377066004626,Fails,58.422000767857014
1155,62.46226918979177,-153.47382455896332,Fails,67.668341796656
1156,62.371298386231246,-153.47395349362762,Fails,135.5051094996099
1157,62.460812604423765,-153.4742106154342,Fails,438.16583988282133
1158,62.413300605261874,-153.4744382501416,Fails,164.65298420699446
1159,62.371581811909124,-153.47563915583723,Fails,136.91933253135096
1160,62.45919142342604,-153.47601230218604,Fails,136.81094082265452
1161,62.38173821895472,-153.4760583696365,Fails,361.5192886215425
1162,62.41156827515606,-153.4763757743702,Fails,38.48886453120787
1163,62.38319301868827,-153.47818370958024,Fails,1132.310170144905
1164,62.385463232999555,-153.47682493201228,Fails,58.46919625457495
1165,62.41890722124819,-153.4767692944205,Fails,320.02074196385666
1166,62.37729201199292,-153.47759730167877,Passes,1740.5652228853858
1167,62.46788035073489,-153.4778092964447,Fails,202.9885090406082
1168,62.48555204930812,-153.47772737071085,Fails,582.5812962418236
1169,62.48684350270414,-153.47941567329167,Fails,347.4642500232136
1170,62.46316750507589,-153.47901682130555,Fails,49.17471438505081
1171,62.40973193754249,-153.47799289285888,Passes,1385.7811950900361
1172,62.41968562317104,-153.47929658235117,Fails,302.9429100841043
1173,62.476386324032354,-153.48025561999248,Fails,519.4292190634683
1174,62.39715929799879,-153.4808738839929,Fails,116.92361003610586
1175,62.4570803387734,-153.48256073195674,Fails,974.7123602261108
1176,62.461365658483416,-153.48184622467141,Fails,408.9528375807703
1177,62.42167047217977,-153.48219685741128,Fails,195.30388513689368
1178,62.49319448607872,-153.48256675194008,Fails,175.20693719711335
1179,62.41945094979686,-153.4840312675943,Fails,1188.9067849889534
1180,62.41438898514821,-153.48307720638974,Fails,67.71279157031009
1181,62.48668618035787,-153.4832943643454,Fails,351.9235067726416
1182,62.414025821571194,-153.4825047266301,Fails,1313.6895677918812
1183,62.41442491775956,-153.4830233074727,Fails,67.71262481565603
1184,62.49060522437744,-153.48381382492272,Fails,196.66437525460384
1185,62.424450116330334,-153.48401145428522,Fails,58.4450745100976
1186,62.42531739890464,-153.48427387123488,Fails,390.59309459183146
1187,62.48909610889709,-153.48452326365995,Fails,376.6555054832891
1188,62.41344223895311,-153.48490352041952,Fails,253.77069409636965
1189,62.47478936142124,-153.48498163479206,Fails,252.13997691988322
1190,62.42454229128993,-153.48521207219105,Fails,244.48491113680734
1191,62.426865655152945,-153.48526971521076,Fails,312.1803589552795
1192,62.39095188952799,-153.47148109692924,Passes,37551.26175303936
1193,62.381207396286854,-153.4722772789406,Fails,369.37200440053493
1194,62.38243002497814,-153.47019970190996,Fails,338.70984713224215
1195,62.409886628944186,-153.47222915101872,Fails,290.8303327889063
1196,62.41158624146175,-153.47633984175886,Fails,38.48880894775752
1197,62.41945094979687,-153.48402958850033,Fails,1188.9067849889534
1198,62.42167047217977,-153.48218830202762,Fails,195.3038851368937
1199,62.424486048941695,-153.48397552167387,Fails,58.44496333013065
1200,62.42454229128993,-153.48520426075376,Fails,244.48491113680734
1201,62.42531739890465,-153.48426842689983,Fails,390.5930945918314
1202,62.360255926568904,-153.46391759027512,Fails,369.4626276346497
1203,62.36098143230246,-153.46579618693846,Fails,850.8284067724356
1204,62.371186008750605,-153.46714109324952,Fails,146.19466161629336
1205,62.37149112074886,-153.46926584529518,Fails,175.4329271801715
1206,62.37152633601226,-153.4661913571594,Fails,310.93686984884766
1207,62.37252150413966,-153.46830291435023,Fails,146.19257798718027
1208,62.37953435212436,-153.47274658062238,Fails,67.7451368052791
1209,62.4146298667281,-153.48561045549098,Fails,272.29011920666176
1210,62.44403622630924,-153.48686526010363,Fails,1103.8736011593435
1211,62.45952376717581,-153.48623072080616,Fails,193.76435642116977
1212,62.427097152034214,-153.48643091678377,Fails,203.10235361582738
1213,62.482993956012805,-153.48745769537098,Fails,871.3327869831222
1214,62.49397234852911,-153.4864327594818,Passes,2408.4157062366558
1215,62.44739308868675,-153.48706572625125,Fails,78.39505647097072
1216,62.460743687109286,-153.487782745178,Fails,352.0035926313777
1217,62.369363385692026,-153.48606887411532,Fails,1102.601479912912
1218,62.44735148250517,-153.48816356208792,Fails,186.00500572067494
1219,62.48796100691759,-153.4881976035092,Fails,67.64448270959373
1220,62.493203022106314,-153.4882224799325,Fails,116.8047360473046
1221,62.454099178637385,-153.48890760529306,Fails,262.91902197281655
1222,62.43817038510312,-153.48920371662743,Fails,195.27319785689338
1223,62.443642123311506,-153.48958300530296,Fails,96.9019731647314
1224,62.44525509831053,-153.48871982412777,Fails,867.2178175473983
1225,62.394733846731654,-153.48979403809983,Fails,224.58533930931358
1226,62.488382119594675,-153.48958495287,Fails,339.7051521125531
1227,62.462837819341075,-153.48600718818383,Passes,34813.88407191346
1228,62.486686180357864,-153.48327483575224,Fails,351.92350677264153
1229,62.48909610889709,-153.48451865691487,Fails,376.6555054832891
1230,62.49060522437744,-153.4838085407152,Fails,196.66437525460384
1231,62.443642123311506,-153.48954308017923,Fails,96.9019731647314
1232,62.444036226309244,-153.4868624233185,Fails,1103.8736011593433
1233,62.44525509831053,-153.48871503311292,Fails,867.2178175473983
1234,62.447446987603804,-153.4870297936399,Fails,78.3948896661447
1235,62.44735148250517,-153.4881588341127,Fails,186.00500572067494
1236,62.454099178637385,-153.48890427819944,Fails,262.9190219728166
1237,62.455289752831696,-153.49139749711082,Fails,225.9209516333495
1238,62.45758827614974,-153.49072394249285,Fails,136.81294268280115
1239,62.45952376717581,-153.48621788773067,Fails,193.76435642116974
1240,62.460743687109286,-153.48777185650792,Fails,352.0035926313777
1241,62.4351041356,-153.49038949280248,Fails,38.474300110674
1242,62.45758827614974,-153.490737762728,Fails,136.81294268280115
1243,62.494527381880616,-153.49104990941828,Fails,330.44404173460947
1244,62.49708789020424,-153.491377639615,Fails,38.43592848973831
1245,62.455289752831696,-153.49140222508598,Fails,225.9209516333495
1246,62.49714409249383,-153.49154854985625,Fails,415.0485471299696
1247,62.49710585650992,-153.49134170700364,Fails,38.43587286299882
1248,62.46013119941555,-153.49277219665262,Fails,302.83007382532674
1249,62.45617861216543,-153.49274169682337,Fails,126.0990451476069
1250,62.49763781538688,-153.49342579846282,Fails,232.1051788607278
1251,62.46072049424195,-153.4935839019528,Fails,232.21947351251197
1252,62.446921236763835,-153.49408298701275,Fails,282.9029478482193
1253,62.44497961495674,-153.49458933064037,Fails,292.16032609050205
1254,62.46189533772885,-153.49522434034014,Fails,607.1188900309261
1255,62.44710135010401,-153.49569297513224,Fails,223.01047122319454
1256,62.45033427861111,-153.49617887059827,Fails,213.75120235541698
1257,62.39363447993159,-153.49618490969263,Fails,241.6949073551862
1258,62.44759071804926,-153.4965878682629,Fails,38.46657191544767
1259,62.445661136818956,-153.49715919678363,Fails,362.76233560964886
1260,62.43842874620586,-153.49975319370228,Passes,1451.6246768164872
1261,62.37592619210024,-153.49956501657527,Fails,466.37930058032595
1262,62.498637086081565,-153.49724534408222,Fails,1068.692651821863
1263,62.373476670550716,-153.50120318445082,Fails,845.0658916469022
1264,62.48934229877211,-153.50291095102162,Fails,165.97591944372073
1265,62.38522453779548,-153.5031404366068,Fails,58.469251823143594
1266,62.490252401903845,-153.5033072665881,Fails,176.7006613654259
1267,62.399206964619026,-153.50599729016497,Fails,863.3352485012358
1268,62.396530477299905,-153.50693835152603,Fails,243.11521416835683
1269,62.5016932532275,-153.51194107459662,Fails,116.79427817333894
1270,62.448694227456166,-153.5150184611079,Fails,164.5763209109809
1271,62.49809945449958,-153.50673054131354,Passes,6982.374005436476
1272,62.512203542051694,-153.5168418835355,Fails,87.58594525402307
1273,62.50416450096009,-153.51710961671824,Fails,213.61794441613029
1274,62.3789840817852,-153.519113437378,Fails,409.3096575279451
1275,62.37515057353785,-153.52203449815823,Fails,233.90123478710686
1276,62.50821943496703,-153.52243192618948,Fails,224.33954258580994
1277,62.50145037539142,-153.52232826095593,Fails,1089.8311022946361
1278,62.50595285962537,-153.52230113882547,Passes,2630.632287955724
1279,62.51856742529779,-153.52551198711106,Fails,586.8739422887459
1280,62.50534212435774,-153.52680462780557,Fails,252.0454172107681
1281,62.50768378319081,-153.5267427270885,Fails,224.34071086603294
1282,62.50884825566592,-153.52770361851475,Fails,224.3381795865673
1283,62.501899174731086,-153.52584622740392,Passes,2346.79836899326
1284,62.5065202006875,-153.52982553377532,Fails,38.4300874371188
1285,62.43938209502043,-153.52906477549246,Passes,2906.593030264693
1286,62.50488013364021,-153.53093687811256,Fails,67.62862918303298
1287,62.511800325647904,-153.53117596006683,Fails,912.9976177917792
1288,62.510072245005055,-153.53235983971805,Fails,202.87086689635245
1289,62.51354245959421,-153.5336275462731,Fails,233.55873750807456
1290,62.50628663871363,-153.53390388516522,Fails,49.161365477521336
1291,62.51380790162929,-153.53499573223334,Fails,864.8913508966968
1292,62.51547214889251,-153.53564661681642,Fails,221.31604378013313
1293,62.50613131710322,-153.5345008301605,Passes,1896.275637707281
1294,62.50632257132499,-153.53388591885954,Fails,49.16130984612837
1295,62.51497530037038,-153.53655274353784,Fails,213.5910179571307
1296,62.525736093906474,-153.53625685168177,Fails,1056.9094256728285
1297,62.50567578432044,-153.53753307891307,Fails,378.06562241467924
1298,62.51702810843502,-153.5372170451023,Fails,897.2732713316685
1299,62.51224871157727,-153.53881355883502,Fails,749.8379953371461
1300,62.518234231992416,-153.5401920921541,Fails,49.15766579061695
1301,62.51833889734352,-153.54504901713946,Passes,11497.40263638279
1302,62.51827016460378,-153.5401741258484,Fails,49.15761015318797
1303,62.51639744144678,-153.54648276510642,Fails,545.4522907284754
1304,62.52432619164226,-153.54691701857334,Fails,87.57467865639343
1305,62.52610020728027,-153.5432414642185,Fails,107.53716830347751
1306,62.46044642641528,-153.54209652055638,Fails,638.233694956978
1307,62.35736865888747,-153.54305535392282,Fails,184.7381195335514
1308,62.52610020728027,-153.5432496307211,Fails,107.53716830347751
1309,62.51467799233431,-153.54340751643772,Fails,338.0959967217981
1310,62.364276680908176,-153.54444155121715,Fails,280.3149399373484
1311,62.530292189720406,-153.5449197971637,Fails,338.02338679832474
1312,62.36424768766357,-153.54623010170084,Fails,292.4101587352565
1313,62.52432619164225,-153.5469239286909,Fails,87.57467865639343
1314,62.51639744144678,-153.54648628791145,Fails,545.4522907284754
1315,62.35209842132383,-153.5487343794943,Fails,166.18826634533136
1316,62.52563400650238,-153.55085939086706,Fails,262.71977944429835
1317,62.52876248712229,-153.55091797664647,Fails,523.9075550166745
1318,62.530932627729726,-153.55115437540542,Fails,165.91152371727733
1319,62.524845832483535,-153.55196002237602,Fails,29.1914482723302
1320,62.2968528689405,-153.55222733922727,Fails,532.1866839213976
1321,62.4677287689852,-153.55632238657802,Fails,1159.4957063803756
1322,62.3257252666056,-153.5592363761774,Fails,49.217229041421064
1323,62.305492639792135,-153.55988829641214,Fails,87.7777868691382
1324,62.53439672058429,-153.56081022455518,Fails,296.5610054525351
1325,62.53793058722787,-153.56292898041588,Fails,204.31111949159617
1326,62.54021136053646,-153.56299567075953,Fails,310.3103006754235
1327,62.53442187341227,-153.5632176124015,Fails,396.38038085747434
1328,62.52348858042894,-153.56508065622077,Fails,997.0348655973074
1329,62.53520041332516,-153.56482190098845,Fails,87.56457939968122
1330,62.32063281707274,-153.56509804976096,Fails,553.4606560037188
1331,62.57202045130395,-153.5651685236536,Fails,87.530351366981
1332,62.530349510790906,-153.5542576553847,Passes,7863.156637274669
1333,62.5287624871223,-153.55091445384144,Fails,523.9075550166745
1334,62.530932627729726,-153.55114964743024,Fails,165.91152371727733
1335,62.53439672058429,-153.56080663129404,Fails,296.5610054525351
1336,62.53442187341224,-153.5632127566432,Fails,396.38038085747434
1337,62.53520041332516,-153.56480193842657,Fails,87.56457939968122
1338,62.55952080245055,-153.5656683136117,Fails,38.39725696583449
1339,62.56310156528742,-153.56656428546464,Fails,242.6511918719554
1340,62.29018192519727,-153.56659657273863,Fails,126.35575101996113
1341,62.517074121968356,-153.56748547710072,Fails,417.94094856297625
1342,62.56339753196558,-153.56797199325138,Fails,512.9460196419129
1343,62.55597738004904,-153.56807579857312,Passes,2162.412254568937
1344,62.57394013307212,-153.56742413935012,Fails,563.5553739632026
1345,62.57041364212502,-153.56914282184965,Fails,469.91003255961795
1346,62.57451389345303,-153.56927076681157,Fails,497.52962127907847
1347,62.51929300497211,-153.56915997219193,Fails,371.7864190774766
1348,62.55051553723313,-153.56920905785464,Fails,125.95301644998737
1349,62.51997462021245,-153.5697552575826,Fails,224.31403370890052
1350,62.535289389315196,-153.56998279359055,Fails,1227.5270492763032
1351,62.55597198428077,-153.57045869806365,Fails,261.1060245528274
1352,62.56951084955367,-153.57055983561963,Fails,204.2425519445459
1353,62.53606334043141,-153.5709994064978,Fails,127.49197898489716
1354,62.53544595283614,-153.5723158467142,Fails,38.41217174687757
1355,62.53562561589297,-153.57235177932557,Fails,29.18810966300078
1356,62.53562561589297,-153.57253144238237,Fails,29.188109660082425
1357,62.57201441519335,-153.57292670110743,Fails,253.3777612069859
1358,62.553555988964,-153.5731340046345,Fails,145.91244468603043
1359,62.525558495942256,-153.57398756868102,Fails,262.71977944721766
1360,62.562406533358484,-153.57378223947316,Fails,273.3657435653146
1361,62.55790982370768,-153.57478521561737,Fails,592.8347983110111
1362,62.569732574195704,-153.57437782579714,Fails,156.63812477961997
1363,62.560522335922215,-153.57517953492777,Fails,626.5943564980772
1364,62.55329863377449,-153.5752963111542,Fails,399.33579153916014
1365,62.558962213673865,-153.57546648341068,Fails,136.6874358189736
1366,62.55507997296355,-153.57671065724276,Fails,629.7240365848509
1367,62.552313970440736,-153.57676992823596,Fails,242.68124693080676
1368,62.47126324353755,-153.57399862339022,Fails,1303.313083014224
1369,62.57169667349566,-153.57696383567838,Fails,211.91175903304472
1370,62.57262140981755,-153.5780682350571,Fails,253.3764252493661
1371,62.55168389991189,-153.57814770953865,Fails,288.7772939750007
1372,62.55343193590095,-153.57873152891955,Fails,192.00437327452153
1373,62.554335726630605,-153.57914663613462,Fails,281.075693397239
1374,62.53644372141428,-153.57966449148014,Passes,2896.137621030527
1375,62.54532918236398,-153.58747060169753,Passes,8653.601887296107
1376,62.541177204348834,-153.5868865206226,Fails,49.150515637778724
1377,62.542614508803425,-153.5937496493933,Fails,58.371823137569194
1378,62.54256992574859,-153.59090298807072,Fails,262.6724528518319
1379,62.54346721731157,-153.59188806371986,Fails,184.33507958529782
1380,62.54390495823765,-153.5891862077499,Fails,282.63285533190924
1381,62.55035375918648,-153.5844039999139,Fails,192.01411281093044
1382,62.551072411413784,-153.58314635851613,Fails,244.21080489263036
1383,62.567208836268605,-153.5847063292925,Passes,4708.619125490497
1384,62.566198279395834,-153.58539531725094,Fails,155.10723118831157
1385,62.48830932142454,-153.58402813934433,Fails,1168.089634705956
1386,62.551072411413784,-153.58317806376147,Fails,244.2108048926304
1387,62.5303417833476,-153.5832689180397,Fails,321.0854268194536
1388,62.564039856750426,-153.58343698993158,Fails,195.03938956085756
1389,62.55035375918648,-153.58441985253654,Fails,192.01411281093044
1390,62.566198279395834,-153.5854192723252,Fails,155.10723118831157
1391,62.53630833550889,-153.58566204778916,Fails,145.9391571610589
1392,62.57121728527084,-153.58611731204675,Fails,577.4004514626986
1393,62.54424944262051,-153.58632956514646,Fails,38.40671821201969
1394,62.541141271737466,-153.5869044869283,Fails,49.15057128677377
1395,62.538588345253814,-153.58786440097472,Fails,279.6112481562223
1396,62.542904536309436,-153.58745374255915,Fails,127.48563508216773
1397,62.577160292477195,-153.5876205725405,Fails,310.17271395741716
1398,62.57501907006718,-153.5860986648475,Fails,1380.4191390093538
1399,62.582140381304676,-153.58865748503985,Fails,429.93862850939297
1400,62.54390495823765,-153.5891979249058,Fails,282.63285533190924
1401,62.54690588924641,-153.58944286925967,Fails,420.84868111454125
1402,62.477746683744385,-153.59098336986565,Passes,2172.2411834414083
1403,62.53880954830598,-153.58963644769958,Fails,938.6415171692141
1404,62.558514689332334,-153.59037198392497,Fails,78.32624260767157
1405,62.559817774915075,-153.5906552174499,Fails,204.26359180608029
1406,62.549755424300415,-153.5906718830275,Fails,127.47929078822088
1407,62.54728851232787,-153.59081008537893,Fails,156.66595371735403
1408,62.54256992574857,-153.590909642258,Fails,262.6724528518319
1409,62.56103253874296,-153.59151926087355,Fails,377.80854103957523
1410,62.53894938244421,-153.59162962532275,Fails,38.410001514763536
1411,62.573425256411525,-153.5775734477436,Passes,14265.71355725358
1412,62.56951084955367,-153.57055202418238,Fails,204.2425519445459
1413,62.57041364212502,-153.56914063083676,Fails,469.910032559618
1414,62.543467217311566,-153.5919087940726,Fails,184.3350795852978
1415,62.54989000706641,-153.59256986198685,Fails,261.12683956569447
1416,62.55499952662668,-153.5937998817173,Passes,3398.680730057309
1417,62.54257857619206,-153.59378558200464,Fails,58.371934437010104
1418,62.55673362956233,-153.59539536299377,Fails,910.7357896348739
1419,62.47974204879948,-153.60000693762353,Passes,2404.6906299217744
1420,62.53860489806134,-153.59536896033592,Fails,262.6834713348933
1421,62.542898284298296,-153.59675278648933,Fails,377.89285791703094
1422,62.577815229610415,-153.59684552754084,Fails,273.3274468599649
1423,62.48310164965125,-153.59749298202428,Fails,185.94967300641977
1424,62.54131580156409,-153.59851328701419,Fails,439.31222079887687
1425,62.53981791796138,-153.60442557278907,Fails,706.6592685952302
1426,62.549165711926484,-153.6072022074693,Fails,513.036601254129
1427,62.54748599696102,-153.60933798355273,Passes,5770.902886692298
1428,62.549165711926484,-153.60719647354196,Fails,513.036601254129
1429,62.40580387788471,-153.6100016256041,Passes,3908.69495425058
1430,62.5712835642832,-153.6217741328925,Fails,758.5766346047268
1431,62.571945568627726,-153.62902420674828,Fails,701.7540716732084
1432,62.55801732270104,-153.64151429829698,Passes,17800.30496507785
1433,62.556938421003174,-153.65786332786914,Fails,678.8947466202156
1434,62.560009675084125,-153.66322629906216,Fails,259.5609936916537
1435,62.55991386121977,-153.67559863819275,Fails,649.678556701007
1436,62.559674024529194,-153.67377835464063,Passes,3667.577443082625
1437,62.55991386121977,-153.67558580511727,Fails,649.678556701007
1438,62.51661250232769,-153.73925681096134,Fails,946.4324949718759
