StartID,DestID,AnnualFl_1,Dest_Acres,Dest_sqkm,Distance_k,plntype
Stlk_18,Lk_243597,5,3434.526425,13.89903532,79.86311782,5
Stlk_18,Lk_243538,5,317.4025784,1.284482663,82.56759622,5
Stlk_18,Lk_1039851,5,6300.556089,25.49744587,88.98393553,5
Stlk_18,Lk_243597,5,3434.526425,13.89903532,80.04731246,2
Stlk_18,Lk_243556,5,3094.188282,12.52173572,87.60714274,2
Stlk_3,Lk_243556,5,3094.188282,12.52173572,330.4354942,2
Stlk_18,Lk_570878,5,601.9416223,2.43597132,140.0530925,2
Stlk_18,Lk_243552,5,485.7937033,1.965937368,77.15880726,5
Stlk_18,Lk_243881,5,1922.388997,7.779632257,65.39520592,5
Stlk_18,Lk_243552,5,485.7937033,1.965937368,76.71040785,5
Stlk_18,Lk_243523,5,169.7024061,0.686761272,78.60824558,5
Stlk_18,Lk_243881,5,1922.388997,7.779632257,66.09255116,5
Stlk_18,Lk_243552,5,485.7937033,1.965937368,76.97353692,2
Stlk_18,Lk_243881,5,1922.388997,7.779632257,65.20284633,2
Stlk_3,Lk_243881,5,1922.388997,7.779632257,307.3225075,2
Stlk_3,Lk_243881,5,1922.388997,7.779632257,308.6866141,2
Stlk_18,Lk_244632,5,265.7347573,1.075390409,28.60831978,5
Stlk_18,Lk_1043504,5,904.5267651,3.660489949,16.81974996,5
Stlk_18,Lk_244632,5,265.7347573,1.075390409,28.73887279,2
Stlk_3,Lk_509113,5,2495.890235,10.10050943,240.3378878,2
Stlk_3,Lk_509113,5,2495.890235,10.10050943,242.9445788,2
Stlk_3,Lk_509113,5,2495.890235,10.10050943,240.6479208,5
Stlk_48,Lk_509113,5,2495.890235,10.10050943,159.8661064,5
Stlk_74,Lk_509113,5,2495.890235,10.10050943,65.30140499,2
Stlk_74,Lk_509113,5,2495.890235,10.10050943,64.96601412,2
Stlk_69,Lk_200476,5,3144.727457,12.72626051,182.2643563,2
Stlk_18,Lk_246383,5,702.375759,2.842413851,64.76393653,5
Stlk_18,Lk_509363,5,85.3684397,0.345473818,33.89557981,5
Stlk_18,Lk_200476,5,3144.727457,12.72626051,131.3496122,2
Stlk_3,Lk_200476,5,3144.727457,12.72626051,115.6496413,3
Stlk_3,Lk_200476,5,3144.727457,12.72626051,116.332984,2
Stlk_3,Lk_200476,5,3144.727457,12.72626051,115.8991627,5
Stlk_3,Lk_200476,18,3144.727457,12.72626051,116.0006307,2
Stlk_3,Lk_200476,5,3144.727457,12.72626051,115.5728909,4
Stlk_3,Lk_200476,5,3144.727457,12.72626051,116.3214433,1
Stlk_3,Lk_1044222,5,122.3150232,0.494991337,113.7557388,5
Stlk_78,Lk_510818,5,1447.46422,5.857679875,112.8510719,2
Stlk_48,Lk_26805,5,36.54220413,0.147881053,194.4566805,5
Stlk_74,Lk_246383,18,702.375759,2.842413851,1.024222358,2
Stlk_75,Lk_571658,5,154.8772591,0.626766031,220.0584427,2
Stlk_75,Lk_29077,5,947.8679167,3.835885366,146.2646225,2
Stlk_18,Lk_571658,5,154.8772591,0.626766031,124.1374904,5
Stlk_18,Lk_571658,5,154.8772591,0.626766031,124.206611,2
Stlk_3,Lk_572977,5,267.3084384,1.081758871,106.9359697,3
Stlk_3,Lk_29077,5,947.8679167,3.835885366,129.6020146,2
Stlk_3,Lk_572977,5,267.3084384,1.081758871,106.7285761,2
Stlk_3,Lk_571658,5,154.877259,0.626766031,200.3601766,2
Stlk_3,Lk_572977,5,267.3084384,1.081758871,106.9359697,2
Stlk_3,Lk_572977,5,267.308438,1.081758871,106.8007395,2
Stlk_3,Lk_571739,5,145.6585783,0.589459353,154.7916413,2
Stlk_3,Lk_572977,5,267.3084384,1.081758871,106.981063,4
Stlk_3,Lk_571658,5,154.8772591,0.626766031,200.3227202,5
Stlk_34,Lk_573399,5,723.9503948,2.929723305,48.51506317,2
Stlk_34,Lk_29086,5,389.5523777,1.576462541,54.49205851,2
Stlk_34,Lk_573307,5,181.3003488,0.733696481,48.71593762,2
Stlk_39,Lk_29086,5,389.5523777,1.576462541,149.657489,5
Stlk_39,Lk_573170,5,163.892246,0.663248386,119.162911,2
Stlk_3,Lk_230871,5,418.7783183,1.694735727,114.9420538,2
Stlk_65,Lk_230655,5,521.887867,2.112005266,109.2016853,5
Stlk_2,Lk_27911,5,46.64175391,0.188752481,70.03377657,5
Stlk_69,Lk_27907,5,13958.14298,56.48660055,217.3382148,2
Stlk_11,Lk_27907,5,13958.14298,56.48660055,125.181261,2
Stlk_39,Lk_231177,5,148.298674,0.600143442,75.31945475,5
Stlk_39,Lk_27907,5,13958.14298,56.48660055,103.4046593,2
Stlk_39,Lk_231177,5,148.2986742,0.600143442,75.15659887,1
Stlk_39,Lk_231161,5,97.97120892,0.396475416,76.43861627,1
Stlk_3,Lk_231181,5,207.2042143,0.838525705,70.10195887,3
Stlk_3,Lk_231177,5,148.2986742,0.600143442,67.97404194,3
Stlk_3,Lk_231161,18,97.97120892,0.396475416,62.19880892,3
Stlk_3,Lk_27907,5,13958.14298,56.48660055,91.15928707,2
Stlk_3,Lk_231096,5,1153.713122,4.668911356,95.34879663,2
Stlk_3,Lk_231181,5,207.2042143,0.838525705,70.09669289,1
Stlk_3,Lk_231177,5,148.2986742,0.600143442,68.20120805,1
Stlk_3,Lk_230606,5,183.064566,0.740836016,105.3795011,5
Stlk_3,Lk_231181,5,207.2042143,0.838525705,70.10465438,2
Stlk_3,Lk_231177,5,148.2986742,0.600143442,67.86663046,2
Stlk_3,Lk_231096,38,1153.713122,4.668911356,94.42763443,2
Stlk_3,Lk_231161,18,97.97120892,0.396475416,61.48085684,2
Stlk_3,Lk_231181,5,207.2042143,0.838525705,69.97986565,4
Stlk_3,Lk_231177,5,148.2986742,0.600143442,67.75098003,4
Stlk_3,Lk_231096,5,1153.713122,4.668911356,94.1983894,4
Stlk_3,Lk_231161,5,97.97120892,0.396475416,61.48085684,4
Stlk_3,Lk_231161,5,97.97120892,0.396475416,62.19880892,5
Stlk_18,Lk_86000,5,1225.819535,4.960715659,627.5819238,2
Stlk_18,Lk_83658,5,162.1477067,0.656188488,542.1128401,2
Stlk_42,Lk_85296,63,9555.503419,38.66975038,109.5387945,5
Stlk_42,Lk_80644,88,14.99151121,0.060668493,0.162897952,5
Stlk_42,Lk_85936,18,4134.127653,16.73022105,121.6603774,5
Stlk_42,Lk_80676,88,42.78452898,0.173142846,7.867320825,5
Stlk_42,Lk_80224,5,931.5474371,3.769838729,61.63450802,5
Stlk_42,Lk_83199,5,1405.359217,5.687286972,45.53552997,5
Stlk_42,Lk_85936,38,4134.127653,16.73022105,121.5125037,5
Stlk_42,Lk_85296,150,9555.503419,38.66975038,111.1217325,5
Stlk_42,Lk_85935,18,1946.943268,7.878999869,130.3842421,5
Stlk_42,Lk_83874,5,832.2741518,3.368093996,58.04498539,5
Stlk_42,Lk_86070,18,1298.680389,5.255573074,130.7451087,5
Stlk_42,Lk_80325,5,16.74271184,0.067755351,41.92724733,2
Stlk_42,Lk_80320,5,115.5176069,0.467483169,39.29837192,2
Stlk_75,Lk_1965,5,6674.5746,27.01104509,56.69161566,2
Stlk_56,Lk_1965,5,6674.5746,27.01104509,53.41780707,1
Stlk_3,Lk_1965,150,6674.5746,27.01104509,78.0643651,3
Stlk_3,Lk_1965,5,6674.5746,27.01104509,78.08502309,2
Stlk_3,Lk_1965,5,6674.5746,27.01104509,77.79554529,1
Stlk_3,Lk_1965,38,6674.5746,27.01104509,77.70498272,2
Stlk_3,Lk_1965,5,6674.5746,27.01104509,77.54513852,2
Stlk_3,Lk_1965,38,6674.5746,27.01104509,78.12205136,4
Stlk_3,Lk_1965,5,6674.5746,27.01104509,78.1131656,5
Stlk_36,Lk_1965,5,6674.5746,27.011045,75.41990537,1
Stlk_3,Lk_200598,5,575.4519569,2.328771448,71.69328354,3
Stlk_3,Lk_200591,5,822.1101527,3.326961751,69.27986644,2
Stlk_3,Lk_200598,18,575.4519569,2.328771448,70.86805411,2
Stlk_3,Lk_200598,38,575.4519569,2.328771448,71.59646675,4
Stlk_30,Lk_285522,5,72.76717297,0.294478301,532.1231277,2
Stlk_2,Lk_285505,18,190.234903,0.769853339,5.865758117,5
Stlk_69,Lk_285505,38,190.234903,0.769853339,127.2961015,2
Stlk_25,Lk_285531,5,123.608683,0.500226594,425.6477088,5
Stlk_25,Lk_285505,18,190.234903,0.769853339,420.6350688,5
Stlk_56,Lk_285531,5,123.6086832,0.500226594,63.79795129,2
Stlk_11,Lk_285505,5,190.234903,0.769853339,39.17994439,2
Stlk_3,Lk_285505,5,190.234903,0.769853339,0.053601994,5
Stlk_3,Lk_285505,38,190.234903,0.769853339,0.124026642,5
Stlk_3,Lk_285505,38,190.234903,0.769853339,0.275490487,5
Stlk_3,Lk_285505,38,190.234903,0.769853339,0.248052505,2
Stlk_3,Lk_285505,5,190.234903,0.769853339,0.248052505,5
Stlk_3,Lk_285505,38,190.234903,0.769853339,0.111845964,5
Stlk_3,Lk_200709,5,3335.54182,13.49845884,54.81991827,1
Stlk_3,Lk_285505,5,190.234903,0.769853339,0.482417756,5
Stlk_3,Lk_285505,5,190.234903,0.769853339,0.971311673,5
Stlk_3,Lk_285411,38,71.06435933,0.287587259,24.34809128,2
Stlk_3,Lk_285505,38,190.234903,0.769853339,0.10720393,2
Stlk_3,Lk_285523,18,7.850861401,0.031771309,4.451920697,2
Stlk_3,Lk_285531,5,123.6086832,0.500226594,5.564164336,2
Stlk_42,Lk_285505,5,190.234903,0.769853339,401.4188808,2
Stlk_67,Lk_285505,18,190.234903,0.769853339,91.28272966,1
Stlk_67,Lk_285531,5,123.608683,0.500226594,87.99400131,1
Stlk_68,Lk_285505,5,190.234903,0.769853339,86.72857863,2
Stlk_22,Lk_285505,5,190.234903,0.769853339,14.76313395,2
Stlk_50,Lk_285505,5,190.234903,0.769853339,83.31039561,1
Stlk_59,Lk_285505,18,190.234903,0.769853339,15.73284178,2
Stlk_34,Lk_234538,18,327.1232564,1.323820851,109.958299,2
Stlk_34,Lk_234761,18,94.78315562,0.383573822,105.7971649,2
Stlk_34,Lk_234751,18,167.1481828,0.676424697,102.4488764,2
Stlk_34,Lk_27886,18,167.2068921,0.676662285,101.1873537,2
Stlk_2,Lk_27886,5,167.2068921,0.676662285,87.8557885,1
Stlk_2,Lk_231793,5,764.8727969,3.09533039,35.75382336,2
Stlk_61,Lk_154951,5,224.298028,0.907701916,139.3023021,5
Stlk_39,Lk_235209,5,31.30910543,0.126703454,0.156347248,5
Stlk_39,Lk_233947,5,176.5713359,0.714558845,16.9862918,5
Stlk_39,Lk_231793,5,764.8727969,3.09533039,63.34475302,5
Stlk_39,Lk_234052,18,435.1998577,1.761191339,17.49054525,5
Stlk_39,Lk_232175,5,200.859832,0.812850902,43.16100562,2
Stlk_39,Lk_1044302,63,81.174187,0.328500278,27.94234408,1
Stlk_3,Lk_235171,5,620.9529075,2.512907262,82.55084508,2
Stlk_3,Lk_234440,5,388.3773724,1.571707464,73.85400005,2
Stlk_3,Lk_231940,5,110.7941329,0.448367948,47.42086842,1
Stlk_3,Lk_231793,5,764.8727969,3.09533039,40.75563134,1
Stlk_3,Lk_1044302,5,3555.820527,14.38989514,84.05586193,2
Stlk_3,Lk_27892,5,164.2341365,0.66463197,44.98051687,2
Stlk_3,Lk_234752,18,95.855072,0.387911714,91.3084945,5
Stlk_3,Lk_231875,18,21.25184309,0.086003158,44.82982114,4
Stlk_3,Lk_27886,5,167.2068921,0.676662285,91.55853498,4
Stlk_3,Lk_232546,5,120.8004977,0.48886227,32.59860493,2
Stlk_67,Lk_231793,5,764.8727969,3.09533039,53.20961731,2
Stlk_67,Lk_234752,5,95.85507198,0.387911714,5.561827311,2
Stlk_67,Lk_234188,5,76.28323492,0.308707299,16.40100864,1
Stlk_67,Lk_232720,5,379.0204553,1.533841364,54.05858615,1
Stlk_67,Lk_235112,38,52.01162916,0.210483596,28.89213429,1
Stlk_65,Lk_234052,5,435.199858,1.761191339,14.01921971,1
Stlk_65,Lk_231793,5,764.872797,3.09533039,54.31416347,1
Stlk_68,Lk_234547,5,184.7131446,0.747507576,8.192450778,1
Stlk_68,Lk_234538,5,327.1232564,1.323820851,10.94588845,1
Stlk_68,Lk_234761,18,94.78315562,0.383573822,0.156443517,1
Stlk_68,Lk_235193,5,193.4032735,0.78267528,27.1522962,2
Stlk_68,Lk_234751,5,167.1481828,0.676424697,9.123906518,2
Stlk_68,Lk_234186,5,166.4814868,0.673726674,12.31469714,2
Stlk_68,Lk_233746,5,100.1561758,0.405317663,24.15970762,2
Stlk_68,Lk_234052,5,435.1998577,1.761191339,16.25151706,2
Stlk_68,Lk_234580,5,111.7454317,0.452217718,7.164143459,2
Stlk_65,Lk_234752,5,95.85507198,0.387911714,0.460561773,5
Stlk_75,Lk_25913,5,24604.17572,99.56956653,141.1892944,2
Stlk_34,Lk_25913,18,24604.17572,99.56956653,107.4453196,2
Stlk_69,Lk_25913,5,24604.17572,99.56956653,215.1676595,2
Stlk_25,Lk_233573,5,137.494236,0.556419432,514.371332,5
Stlk_64,Lk_233573,150,137.494236,0.556419432,0.054816306,5
Stlk_64,Lk_233573,5,137.494236,0.556419432,0.111844831,5
Stlk_39,Lk_12853,5,1526.715829,6.178399758,74.13312244,5
Stlk_3,Lk_231096,18,1153.713122,4.668911356,93.96640362,3
Stlk_3,Lk_1044302,5,3555.820527,14.38989514,84.22701858,3
Stlk_3,Lk_231385,5,122.3051812,0.494951508,101.231657,3
Stlk_3,Lk_233573,5,137.494236,0.556419432,99.98116646,5
Stlk_3,Lk_25913,5,24604.17572,99.56956653,85.2422042,3
Stlk_3,Lk_25913,5,24604.17572,99.56956653,88.89627663,5
Stlk_3,Lk_25913,5,24604.17572,99.56956653,85.89495196,1
Stlk_3,Lk_25913,5,24604.17572,99.56956653,89.23808568,2
Stlk_3,Lk_1044302,5,3555.820527,14.38989514,84.44795736,2
Stlk_3,Lk_1044302,18,3555.820527,14.38989514,86.33378566,5
Stlk_3,Lk_1044302,38,3555.820527,14.38989514,86.40658936,4
Stlk_3,Lk_25913,5,24604.17572,99.56956653,88.06712646,1
Stlk_3,Lk_231384,5,136.373312,0.551883214,101.1955426,5
Stlk_3,Lk_25913,5,24604.17572,99.56956653,84.23812605,5
Stlk_3,Lk_25913,5,24604.17572,99.56956653,88.73308897,2
Stlk_67,Lk_231952,5,341.6338,1.382542936,10.77226839,1
Stlk_67,Lk_233704,5,100.451135,0.406511319,20.2276712,1
Stlk_65,Lk_25913,5,24604.17572,99.56956653,34.89054183,1
Stlk_68,Lk_25913,5,24604.17572,99.56956653,30.00555913,2
Stlk_34,Lk_573663,18,225.6307277,0.913095159,23.44406717,2
Stlk_34,Lk_27708,18,264.34922,1.069783339,20.42554485,2
Stlk_34,Lk_573429,18,1567.579461,6.343769008,42.12313739,2
Stlk_34,Lk_25792,18,73439.31043,297.1983451,66.22517923,2
Stlk_34,Lk_573499,18,102.1231748,0.413277826,24.54041074,2
Stlk_34,Lk_27682,18,723.508508,2.927935051,37.98288627,2
Stlk_34,Lk_27708,18,264.34922,1.069783339,20.0777865,2
Stlk_69,Lk_25792,5,73439.31043,297.1983451,241.6103872,2
Stlk_56,Lk_27744,5,158.0652235,0.639667265,251.2507907,2
Stlk_39,Lk_27744,5,158.0652235,0.639667265,104.9481526,1
Stlk_39,Lk_25792,5,73439.31043,297.1983451,52.14811958,5
Stlk_39,Lk_234965,63,101.1779112,0.40945248,36.0109076,5
Stlk_3,Lk_27744,5,158.0652235,0.639667265,191.4791724,2
Stlk_3,Lk_27744,5,158.0652235,0.639667265,190.9590135,2
Stlk_3,Lk_25792,5,73439.31043,297.1983451,117.9445298,5
Stlk_3,Lk_27744,5,158.0652235,0.639667265,191.6768735,5
Stlk_42,Lk_27744,5,158.0652235,0.639667265,211.9102469,2
Stlk_67,Lk_755943,88,76.22611265,0.308476134,38.59988597,1
Stlk_67,Lk_755943,18,76.22611265,0.308476134,38.62343197,2
Stlk_67,Lk_25792,5,73439.31043,297.1983451,50.09223822,3
Stlk_65,Lk_25792,5,73439.31043,297.1983451,35.03841923,1
Stlk_65,Lk_27682,5,723.508508,2.927935051,70.34787666,1
Stlk_68,Lk_25792,5,73439.31043,297.1983451,54.4208831,2
Stlk_25,Lk_28035,5,2333.289633,9.442488136,262.8211792,2
Stlk_25,Lk_300641,18,180.8489596,0.731869773,251.4036661,1
Stlk_25,Lk_300708,5,90.77564583,0.367356005,264.4224635,1
Stlk_3,Lk_300708,5,90.77564583,0.367356005,413.1635339,2
Stlk_72,Lk_667375,5,954.0994404,3.861103448,95.64175588,1
Stlk_72,Lk_27488,18,2775.270266,11.2311203,68.10238813,1
Stlk_72,Lk_669457,5,49.82111073,0.201618882,71.74648084,1
Stlk_72,Lk_667375,5,954.0994404,3.861103448,94.16385698,2
Stlk_72,Lk_673425,5,408.457504,1.652968873,77.34065233,2
Stlk_72,Lk_27488,5,2775.270266,11.2311203,67.74291414,2
Stlk_72,Lk_669457,5,49.82111073,0.201618882,71.37244976,2
Stlk_73,Lk_670336,38,384.0828603,1.55432819,1.4718681,5
Stlk_25,Lk_674886,5,389.9953893,1.578255346,342.0567925,2
Stlk_72,Lk_666940,5,781.0052564,3.160616138,118.5679025,1
Stlk_2,Lk_250245,5,1857.680338,7.517765606,372.1889269,5
Stlk_6,Lk_1046335,38,232177.5175,939.5890779,162.5779578,5
Stlk_7,Lk_757222,5,18726.16502,75.78210118,117.2479548,2
Stlk_7,Lk_1046335,5,232177.5175,939.5890779,81.43943297,5
Stlk_3,Lk_1043506,5,20116.89071,81.41016838,356.8430982,2
Stlk_19,Lk_1043506,18,20116.89071,81.41016838,136.8926844,3
Stlk_20,Lk_248272,5,5508.642561,22.29268553,288.7573886,1
Stlk_53,Lk_28137,5,11532.46944,46.67024801,138.0548347,3
Stlk_39,Lk_650948,5,52.46334035,0.212311606,158.3774877,1
Stlk_39,Lk_28137,5,11532.46944,46.67024801,148.9849147,1
Stlk_60,Lk_28137,5,11532.46944,46.67024801,87.87050687,2
Stlk_60,Lk_28138,5,3352.021461,13.56514958,106.6464147,2
Stlk_3,Lk_28137,5,11532.46944,46.67024801,212.2456028,3
Stlk_3,Lk_28137,5,11532.46944,46.67024801,212.5657632,2
Stlk_3,Lk_28137,5,11532.46944,46.67024801,213.9557836,5
Stlk_3,Lk_28137,5,11532.46944,46.67024801,211.573393,4
Stlk_71,Lk_324260,5,970.3967868,3.927056469,68.87130825,3
Stlk_60,Lk_26200,5,8423.921098,34.0903992,90.24896537,2
Stlk_3,Lk_26200,5,8423.921098,34.0903992,265.5923832,2
Stlk_65,Lk_26200,5,8423.921098,34.0903992,213.7350666,1
Stlk_60,Lk_1039644,5,8026.283947,32.48121874,147.0163112,2
Stlk_25,Lk_346221,5,329.5496933,1.333640293,314.6362018,2
Stlk_25,Lk_345919,5,243.6432337,0.985989185,321.3425002,2
Stlk_60,Lk_454423,38,622.1103522,2.517591274,260.9525201,5
Stlk_3,Lk_454423,18,622.1103522,2.517591274,247.1056242,3
Stlk_3,Lk_454414,5,124.5260509,0.503939049,247.7274376,2
Stlk_25,Lk_346729,5,685.5962172,2.774509455,269.0186177,5
Stlk_24,Lk_1018423,5,21.84377,0.088398599,62.88595055,1
Stlk_24,Lk_1018423,5,21.84377,0.088398599,62.52611175,5
Stlk_24,Lk_707342,5,54.8343298,0.22190666,115.9737873,5
Stlk_24,Lk_707835,5,217.4177797,0.879858538,93.82298255,5
Stlk_24,Lk_1018423,5,21.84377,0.088398599,62.88595055,5
Stlk_24,Lk_1044162,5,145211.3438,587.649459,19.18448384,5
Stlk_24,Lk_707342,38,54.83433,0.22190666,116.0823717,2
Stlk_24,Lk_1044162,18,145211.3438,587.649459,83.7913415,2
Stlk_25,Lk_1044162,5,145211.3438,587.649459,24.07322087,5
Stlk_25,Lk_537199,5,623.6761342,2.523927769,57.23646293,2
Stlk_25,Lk_707461,5,141.5293197,0.572748837,119.6762435,2
Stlk_25,Lk_537199,5,623.6761342,2.523927769,57.12320892,2
Stlk_25,Lk_1018423,5,21.84377,0.088398599,66.58219666,2
Stlk_25,Lk_707342,5,54.83433,0.22190666,113.5867181,2
Stlk_25,Lk_1018423,5,21.84377,0.088398599,66.44490886,5
Stlk_25,Lk_707342,5,54.83433,0.22190666,113.4393395,5
Stlk_25,Lk_537199,5,623.676134,2.523927769,56.3936981,5
Stlk_25,Lk_537199,5,623.6761342,2.523927769,56.81491835,5
Stlk_25,Lk_537199,5,623.6761342,2.523927769,57.30632468,5
Stlk_25,Lk_537199,5,623.6761342,2.523927769,56.64058991,2
Stlk_25,Lk_707835,5,217.4177797,0.879858538,92.30624702,2
Stlk_25,Lk_537199,5,623.6761342,2.523927769,56.59089296,5
Stlk_25,Lk_1044162,5,145211.3438,587.649459,37.89437043,5
Stlk_25,Lk_1018423,5,21.84377,0.088398599,66.53998373,5
Stlk_25,Lk_1044162,5,145211.3438,587.649459,22.23066433,5
Stlk_25,Lk_537199,5,623.676134,2.523927769,56.95562128,2
Stlk_25,Lk_1018423,18,21.84377,0.088398599,66.48714647,5
Stlk_52,Lk_1044162,5,145211.3438,587.649459,9.846805819,5
Stlk_30,Lk_701216,5,29.94205558,0.1211712,425.7074323,5
Stlk_30,Lk_404251,18,2400.319271,9.713747456,384.5250101,5
Stlk_30,Lk_701197,38,124.3558651,0.503250331,429.2686602,5
Stlk_24,Lk_404251,5,2400.319271,9.713747456,42.16674719,5
Stlk_24,Lk_404309,18,59.11516803,0.239230597,46.28898776,1
Stlk_24,Lk_405966,5,628.0704364,2.541710879,60.53539231,1
Stlk_24,Lk_404406,5,1422.254928,5.755661488,43.98087348,5
Stlk_24,Lk_487509,5,773.9604365,3.132106763,82.30157271,5
Stlk_24,Lk_406415,5,533.3059697,2.158212689,96.92314322,5
Stlk_24,Lk_404324,63,336.0678831,1.360018471,46.470773,2
Stlk_24,Lk_406415,18,533.3059697,2.158212689,96.91938423,2
Stlk_24,Lk_404251,5,2400.319271,9.713747456,42.53416503,2
Stlk_24,Lk_487503,5,2538.848591,10.27435573,67.81535935,2
Stlk_25,Lk_404251,18,2400.319271,9.713747456,45.8586156,2
Stlk_25,Lk_404406,5,1422.254928,5.755661488,46.06424548,5
Stlk_25,Lk_404262,5,413.7549216,1.674406762,47.57150567,5
Stlk_25,Lk_404341,5,74.20634,0.300302405,54.81171646,5
Stlk_25,Lk_404446,5,156.503539,0.633347353,53.85896215,5
Stlk_25,Lk_28617,5,787.6451591,3.18748687,91.3425898,5
Stlk_25,Lk_404096,5,341.1212418,1.380468688,51.85771936,5
Stlk_25,Lk_404251,5,2400.319271,9.713747456,44.93186794,2
Stlk_25,Lk_405504,5,1138.257716,4.60636555,81.88003169,2
Stlk_25,Lk_406415,5,533.3059697,2.158212689,100.4918276,5
Stlk_25,Lk_404262,5,413.754922,1.674406762,46.91640917,5
Stlk_25,Lk_28617,5,787.6451591,3.18748687,91.20402224,5
Stlk_25,Lk_1041717,5,1590.802296,6.437748489,30.16225767,2
Stlk_25,Lk_406415,5,533.3059697,2.158212689,100.2088458,2
Stlk_25,Lk_404406,5,1422.254928,5.755661488,46.97785624,2
Stlk_25,Lk_404406,18,1422.254928,5.755661488,46.78977232,5
Stlk_25,Lk_404251,5,2400.319271,9.713747456,44.97823172,2
Stlk_25,Lk_487503,5,2538.848591,10.27435573,65.56806391,2
Stlk_25,Lk_487509,5,773.9604365,3.132106763,79.87250268,2
Stlk_25,Lk_404406,5,1422.254928,5.755661488,47.81966463,2
Stlk_25,Lk_406415,5,533.3059697,2.158212689,100.3495028,2
Stlk_25,Lk_28597,5,151.5788694,0.613417921,56.65762994,2
Stlk_25,Lk_487503,5,2538.848591,10.27435573,66.0311636,5
Stlk_25,Lk_404251,5,2400.319271,9.713747456,45.60556189,5
Stlk_25,Lk_404096,5,341.1212418,1.380468688,51.63171129,5
Stlk_25,Lk_404262,5,413.754922,1.674406762,47.10703575,5
Stlk_25,Lk_404251,5,2400.319271,9.713747456,46.18497169,5
Stlk_25,Lk_404251,5,2400.319271,9.713747456,45.46631533,1
Stlk_25,Lk_404251,5,2400.319271,9.713747456,45.21008301,1
Stlk_25,Lk_404251,5,2400.319271,9.713747456,45.5796212,1
Stlk_25,Lk_662559,5,511.1025611,2.068358682,53.75461723,1
Stlk_25,Lk_487503,18,2538.848591,10.27435573,65.08553079,2
Stlk_25,Lk_404262,18,413.754922,1.674406762,47.00371715,2
Stlk_25,Lk_404765,5,221.6604029,0.897027825,58.65665517,2
Stlk_25,Lk_404251,5,2400.319271,9.713747456,45.08642943,5
Stlk_25,Lk_404251,5,2400.319271,9.713747456,45.69840304,2
Stlk_25,Lk_406415,18,533.3059697,2.158212689,100.5392692,2
Stlk_25,Lk_404251,5,2400.319271,9.713747456,46.61346392,2
Stlk_25,Lk_487503,5,2538.848591,10.27435573,64.91171871,1
Stlk_25,Lk_405966,18,628.070436,2.541710879,63.66550826,1
Stlk_25,Lk_404262,38,413.754922,1.674406762,47.10798143,1
Stlk_25,Lk_701197,63,124.3558651,0.503250331,0.146469664,1
Stlk_25,Lk_404096,18,341.1212418,1.380468688,51.83431129,1
Stlk_25,Lk_241373,18,95.13862954,0.385012374,63.50196832,5
Stlk_25,Lk_701235,5,70.17107076,0.283972248,8.181504227,1
Stlk_83,Lk_701230,5,2.225276684,0.399850759,242.0480611,5
Stlk_3,Lk_701197,5,124.3558651,0.503250331,421.0039703,2
Stlk_26,Lk_404251,5,2400.319271,9.713747456,49.83979623,5
Stlk_72,Lk_701216,5,29.94205558,0.1211712,328.924979,2
Stlk_72,Lk_701197,5,124.3558651,0.503250331,326.2292543,2
Stlk_52,Lk_701197,5,124.3558651,0.503250331,65.8153205,5
Stlk_52,Lk_1042282,5,145211.3438,587.649459,9.173760891,5
Stlk_50,Lk_701197,5,124.3558651,0.503250331,489.772671,1
Stlk_9,Lk_701197,38,124.3558651,0.503250331,283.95237,5
Stlk_55,Lk_404251,5,2400.319271,9.713747456,71.50125974,5
Stlk_24,Lk_76599,5,254.7970186,1.031126951,156.4460211,2
Stlk_24,Lk_6560,5,668.724568,2.706232314,207.7833202,5
Stlk_24,Lk_73009,5,12554.53811,50.80641319,233.4720164,2
Stlk_25,Lk_73009,5,12554.53811,50.80641319,238.6839555,5
Stlk_25,Lk_70922,5,130.5761364,0.528422876,136.5042559,5
Stlk_25,Lk_73009,5,12554.53811,50.80641319,234.7799095,5
Stlk_25,Lk_78279,5,68.88641545,0.278773433,239.6974742,5
Stlk_25,Lk_73009,5,12554.53811,50.80641319,231.9731295,2
Stlk_25,Lk_6560,5,668.7245682,2.706232314,210.2984099,2
Stlk_25,Lk_9581,5,87.9942818,0.356100224,226.0331529,2
Stlk_25,Lk_73909,5,935.1079795,3.784247733,254.6639355,2
Stlk_25,Lk_76800,5,2055.914576,8.319991104,204.078892,2
Stlk_25,Lk_73009,5,12554.53811,50.80641319,235.2077052,2
Stlk_25,Lk_77001,5,372.8731413,1.508964067,182.3709573,2
Stlk_25,Lk_76599,5,254.7970186,1.031126951,160.2956149,2
Stlk_25,Lk_1043845,5,5268.635699,21.32141221,158.6112796,2
Stlk_25,Lk_76800,5,2055.914576,8.319991104,202.9542734,1
Stlk_25,Lk_76599,5,254.7970186,1.031126951,160.1115907,1
Stlk_25,Lk_73009,5,12554.53811,50.80641319,234.9915788,2
Stlk_3,Lk_79229,5,326.7054663,1.322130114,310.3184485,2
Stlk_33,Lk_76599,5,254.7970186,1.031126951,79.22375812,1
Stlk_24,Lk_28625,18,407.701776,1.649910551,121.406868,5
Stlk_24,Lk_71093,18,2752.129416,11.1374726,168.6640363,5
Stlk_24,Lk_76920,5,91.1190143,0.368745568,185.1224161,1
Stlk_24,Lk_71043,5,276.6221385,1.119450078,111.2637744,1
Stlk_24,Lk_76236,18,544.476563,2.203418476,158.1266168,1
Stlk_24,Lk_71093,18,2752.129416,11.1374726,167.8169988,1
Stlk_24,Lk_304928,5,203.4918513,0.823502305,104.154123,5
Stlk_24,Lk_28624,5,245.4510996,0.993305359,110.0202036,2
Stlk_24,Lk_28625,18,407.701776,1.649910551,121.2092831,5
Stlk_24,Lk_74277,5,1303.13381,5.273595426,138.1739133,5
Stlk_24,Lk_408761,5,717.6918531,2.904395885,155.7985138,5
Stlk_24,Lk_71093,5,2752.129416,11.1374726,169.453549,5
Stlk_24,Lk_342909,5,195.2262604,0.790052646,160.7116049,5
Stlk_24,Lk_74271,5,1665.976081,6.741966004,144.7548979,5
Stlk_24,Lk_74277,5,1303.13381,5.273595426,137.3413302,5
Stlk_24,Lk_406775,5,176.77039,0.715364389,115.3928363,2
Stlk_24,Lk_304928,18,203.491851,0.823502305,104.1788797,2
Stlk_24,Lk_74277,5,1303.13381,5.273595426,137.1793177,2
Stlk_25,Lk_28624,18,245.4510996,0.993305359,113.9079009,1
Stlk_25,Lk_74081,5,72.62369252,0.293897657,112.3307678,2
Stlk_25,Lk_28624,5,245.4510996,0.993305359,113.7849318,2
Stlk_25,Lk_406775,18,176.77039,0.715364389,118.9419819,5
Stlk_25,Lk_406714,5,75.6130305,0.305995078,116.3484995,2
Stlk_25,Lk_305274,5,945.443319,3.826073367,98.96751628,5
Stlk_25,Lk_76896,5,203.1602835,0.822160498,176.6479692,2
Stlk_25,Lk_76875,5,741.1984581,2.99952374,174.2682384,2
Stlk_25,Lk_71043,5,276.6221385,1.119450078,115.1590297,2
Stlk_25,Lk_28625,5,407.701776,1.649910551,124.9141981,2
Stlk_25,Lk_71093,5,2752.129416,11.1374726,172.335742,2
Stlk_25,Lk_406775,5,176.7703902,0.715364389,118.90794,2
Stlk_25,Lk_342909,5,195.2262604,0.790052646,164.4540394,2
Stlk_25,Lk_74153,5,106.9610252,0.432855912,121.5144443,2
Stlk_25,Lk_406714,5,75.6130305,0.305995078,116.3123007,2
Stlk_25,Lk_28624,5,245.4510996,0.993305359,113.9369971,2
Stlk_25,Lk_304928,5,203.4918513,0.823502305,107.7323989,2
Stlk_25,Lk_74277,5,1303.13381,5.273595426,140.8048932,2
Stlk_25,Lk_408202,5,201.3056717,0.81465515,160.3038301,2
Stlk_25,Lk_74271,5,1665.976081,6.741966004,148.4184853,2
Stlk_25,Lk_1043905,5,7819.573224,31.64469012,118.0211939,2
Stlk_25,Lk_1043905,5,7819.573224,31.64469012,128.7164744,5
Stlk_25,Lk_71093,5,2752.129416,11.1374726,174.1137431,2
Stlk_25,Lk_408761,5,717.6918531,2.904395885,159.5050772,5
Stlk_25,Lk_28625,5,407.701776,1.649910551,124.8069644,1
Stlk_25,Lk_28624,5,245.4510996,0.993305359,113.7572807,1
Stlk_25,Lk_305274,5,945.443319,3.826073367,98.32087901,1
Stlk_25,Lk_71093,5,2752.129416,11.1374726,174.6962206,2
Stlk_25,Lk_1042282,5,145211.3438,587.649459,63.09920233,5
Stlk_25,Lk_305276,5,480.9087057,1.946168484,95.73529495,2
Stlk_25,Lk_71093,5,2752.129416,11.1374726,174.6998875,2
Stlk_25,Lk_342878,5,271.1171037,1.097171992,169.5957791,5
Stlk_25,Lk_342909,18,195.2262604,0.790052646,164.4432651,5
Stlk_25,Lk_71093,5,2752.129416,11.1374726,172.0880017,5
Stlk_25,Lk_304928,5,203.4918513,0.823502305,107.7759122,5
Stlk_52,Lk_1040335,18,145211.3438,587.649459,97.52147944,5
Stlk_52,Lk_409220,5,78.94414152,0.319475606,118.4755447,5
Stlk_52,Lk_1043905,5,7819.573224,31.64469012,59.00828395,5
Stlk_33,Lk_74271,5,1665.976081,6.741966004,109.5730281,1
Stlk_33,Lk_304928,5,203.4918513,0.823502305,77.05420105,1
Stlk_33,Lk_74277,5,1303.13381,5.273595426,102.3754345,1
Stlk_55,Lk_305274,5,945.4433187,3.826073367,121.1567238,5
Stlk_55,Lk_74277,5,1303.13381,5.273595426,163.2363513,5
Stlk_55,Lk_74271,5,1665.976081,6.741966004,171.3932573,5
Stlk_55,Lk_74233,5,100.1139199,0.40514666,150.4912151,5
Stlk_16,Lk_1044227,5,145211.3438,587.649459,353.8137633,2
Stlk_25,Lk_28593,5,4876.079928,19.73279537,198.0816721,2
Stlk_25,Lk_28592,5,5237.897328,21.19701844,178.1148826,2
Stlk_25,Lk_403226,5,638.496978,2.583905596,186.5752162,2
Stlk_25,Lk_402689,5,172.8594111,0.699537218,234.2418334,2
Stlk_25,Lk_28592,5,5237.897328,21.19701844,176.0334421,2
Stlk_25,Lk_28593,5,4876.079928,19.73279537,196.9698611,2
Stlk_25,Lk_28593,5,4876.079928,19.73279537,198.032517,2
Stlk_25,Lk_28593,18,4876.079928,19.73279537,197.9268356,1
Stlk_25,Lk_28592,18,5237.897328,21.19701844,176.4588269,1
Stlk_25,Lk_301101,5,401.9419061,1.626601184,222.9897527,1
Stlk_72,Lk_301101,5,401.9419061,1.626601184,102.9953811,1
Stlk_72,Lk_402689,5,172.8594111,0.699537218,96.81560962,2
Stlk_72,Lk_28593,5,4876.079928,19.73279537,130.050998,2
Stlk_25,Lk_703560,5,1493.675701,6.044691105,118.608257,2
Stlk_25,Lk_703560,5,1493.675701,6.044691105,118.462878,2
Stlk_25,Lk_703560,5,1493.675701,6.044691105,117.8874657,5
Stlk_25,Lk_703560,5,1493.675701,6.044691105,118.9082271,2
Stlk_25,Lk_703560,5,1493.675701,6.044691105,118.6334353,1
Stlk_72,Lk_91295,18,0.472243603,0.001911102,85.30901293,1
Stlk_25,Lk_1040336,5,18431.47716,74.58954174,170.9583701,1
Stlk_24,Lk_408818,5,3796.506969,15.36391861,164.5245226,5
Stlk_25,Lk_408818,5,3796.506969,15.36391861,168.4366514,1
Stlk_25,Lk_408818,5,3796.506969,15.36391861,167.8130287,1
Stlk_30,Lk_36556,5,333.8875933,1.351195151,135.114226,5
Stlk_30,Lk_750960,5,126.6531191,0.512546988,147.9703445,5
Stlk_30,Lk_1042309,5,25369.64292,123.8318488,128.0824293,5
Stlk_30,Lk_1044284,5,12697.44645,51.38474273,199.83821,5
Stlk_3,Lk_36556,5,333.8875933,1.351195151,497.5762971,5
Stlk_30,Lk_1045465,5,75628.28105,306.0567949,89.03859052,5
Stlk_30,Lk_370590,5,20.8716342,0.084464507,103.6469951,5
Stlk_30,Lk_1039737,5,12647.94935,51.18443504,127.8913853,5
Stlk_30,Lk_1039737,5,12647.94935,51.18443504,116.4351125,5
Stlk_25,Lk_1039737,5,12647.94935,51.18443504,316.4398327,2
Stlk_25,Lk_1039737,5,2613.838058,10.57782733,355.107264,2
Stlk_25,Lk_1039737,5,12647.94935,51.18443504,301.4562368,2
Stlk_3,Lk_1045465,5,75628.28105,306.0567949,474.9947295,2
Stlk_3,Lk_1039737,5,12647.94935,51.18443504,431.9885243,2
Stlk_25,Lk_1041655,38,9252.29579,37.44271264,281.7451671,2
Stlk_25,Lk_1041655,5,9252.29579,37.44271264,331.9535294,2
Stlk_30,Lk_1041965,18,76400.00574,309.1798539,68.9787103,5
Stlk_30,Lk_904716,18,297.0700166,1.202199705,86.2399488,5
Stlk_30,Lk_254656,5,45.1524533,0.182725496,74.06783802,5
Stlk_30,Lk_258658,18,81.54567116,0.330003623,35.25028861,5
Stlk_30,Lk_1039743,5,113644.1708,459.9016425,64.10238519,5
Stlk_30,Lk_415556,5,605.6461748,2.450963112,56.2652953,5
Stlk_30,Lk_1043919,5,46208.86267,187.0006327,176.7321562,5
Stlk_30,Lk_1041965,5,76400.00574,309.1798539,38.44196402,2
Stlk_30,Lk_1039743,38,113644.1708,459.9016425,1.883107781,5
Stlk_30,Lk_413542,5,2.494823195,0.010096191,0.111538739,5
Stlk_30,Lk_415556,18,605.6461748,2.450963112,56.88184993,5
Stlk_30,Lk_1041965,5,76400.00574,309.1798539,79.38277861,5
Stlk_30,Lk_904716,18,297.0700166,1.202199705,85.97152287,5
Stlk_30,Lk_1039743,63,113644.1708,459.9016425,15.15116427,5
Stlk_30,Lk_512390,5,116.3079869,0.470681724,68.5719548,5
Stlk_30,Lk_254032,5,1093.486899,4.425184481,55.27937266,5
Stlk_24,Lk_1041965,5,76400.00574,309.18,450.9192873,2
Stlk_24,Lk_1041965,5,76400.00574,309.1798539,461.756107,2
Stlk_24,Lk_1041965,5,76400.00574,309.1798539,462.0173596,2
Stlk_24,Lk_1041965,5,76400.00574,309.1798539,460.8321591,2
Stlk_25,Lk_413542,5,2.494823195,0.010096191,429.3627226,5
Stlk_39,Lk_417038,5,14.64795652,0.059278177,556.0678292,5
Stlk_39,Lk_1039743,5,113644.1708,459.9016425,531.071228,5
Stlk_3,Lk_1039743,5,113644.1708,459.9016425,546.6229459,2
Stlk_3,Lk_904275,5,307.809269,1.245659917,604.3458666,2
Stlk_6,Lk_1042309,5,25369.64292,123.8318488,282.8744207,2
Stlk_25,Lk_202090,5,99.07496085,0.400942142,264.3757736,2
Stlk_25,Lk_202090,5,99.07496085,0.400942142,264.3556857,5
Stlk_9,Lk_202090,125,4514.987511,18.27150621,42.78624295,3
Stlk_9,Lk_202090,3,4514.987511,18.27150621,51.58849012,3
Stlk_25,Lk_25923,5,2196.787725,8.890084515,305.3966825,2
Stlk_25,Lk_25922,5,1568.276355,6.34658924,305.4857676,2
Stlk_25,Lk_29454,38,2193.71835,8.877663192,341.8887739,2
Stlk_25,Lk_429299,5,426.8217156,1.727286201,384.9618475,2
Stlk_25,Lk_663879,5,3199.166503,12.94656751,354.7804119,2
Stlk_25,Lk_663879,5,3199.166503,12.94656751,354.3125866,2
Stlk_25,Lk_29454,5,2193.71835,8.877663192,342.6091591,2
Stlk_25,Lk_663227,5,181.4999748,0.734504339,332.5953347,2
Stlk_25,Lk_29454,5,2193.71835,8.877663192,342.3628993,2
Stlk_25,Lk_663879,5,3199.166503,12.94656751,356.159413,2
Stlk_25,Lk_1047530,5,1047.638494,4.239643,374.767357,2
Stlk_25,Lk_663879,5,3199.166503,12.94656751,353.6993742,2
Stlk_45,Lk_663879,5,3199.166503,12.94656751,409.8712154,5
Stlk_45,Lk_395657,5,45.74780847,0.185134813,344.6220521,5
Stlk_9,Lk_429299,5,426.8217156,1.727286201,108.2105631,5
Stlk_9,Lk_663879,5,3199.166503,12.94656751,80.40995848,5
Stlk_9,Lk_732077,5,170.4718194,0.689874977,68.16034769,5
Stlk_9,Lk_663879,18,3199.166503,12.94656751,80.06694601,5
Stlk_9,Lk_27467,1,151.4732285,0.612990407,86.2164554,5
Stlk_9,Lk_429299,5,426.8217156,1.727286201,108.1592322,5
Stlk_9,Lk_68723,1,110.5299971,0.447299029,134.4782469,5
Stlk_9,Lk_1039729,2,14131.91868,57.18984585,132.874742,5
Stlk_9,Lk_1056645,1,3895.010624,15.762549,43.34807685,5
Stlk_9,Lk_395659,1,149.8142904,0.606276923,191.6611669,5
Stlk_9,Lk_202900,2,254.150079,1.02850888,40.0601571,5
Stlk_9,Lk_657297,1,90.46123904,0.366083646,138.7566559,5
Stlk_9,Lk_1047530,4,1047.638494,4.239643,101.4937103,3
Stlk_9,Lk_733321,3,86.89132,0.351636698,102.8282935,3
Stlk_9,Lk_27467,5,151.473228,0.612990407,86.00788557,3
Stlk_9,Lk_663879,4,3199.166503,12.94656751,79.23608195,3
Stlk_9,Lk_1039729,5,14131.91868,57.18984585,163.6620176,3
Stlk_9,Lk_1056645,5,5673.716872,22.960718,57.01706612,3
Stlk_9,Lk_663227,4,181.4999748,0.734504339,52.05869299,3
Stlk_9,Lk_1056645,2,5673.716872,22.960718,62.0187845,3
Stlk_9,Lk_1039729,5,14131.91868,57.18984585,164.2359296,3
Stlk_9,Lk_1056645,2,1253.926993,5.074463,25.97531638,3
Stlk_9,Lk_1056645,18,5673.716872,22.960718,71.49245618,3
Stlk_9,Lk_663227,18,181.4999748,0.734504339,52.57648253,3
Stlk_9,Lk_1039729,5,14131.91868,57.18984585,161.0201141,3
Stlk_9,Lk_29447,1,38.81301149,0.157070685,106.3917616,3
Stlk_9,Lk_395659,4,149.8142904,0.606276923,191.4813996,3
Stlk_9,Lk_395659,2,149.8142904,0.606276923,191.566961,3
Stlk_9,Lk_1040941,1,284.0409395,1.1494729,80.91736914,3
Stlk_25,Lk_25963,5,147.6427946,0.597489192,283.8714887,5
Stlk_25,Lk_25963,5,147.642795,0.597489192,283.9519672,2
Stlk_25,Lk_25963,5,147.6427946,0.597489192,283.863958,5
Stlk_25,Lk_25963,18,147.6427946,0.597489192,283.89831,2
Stlk_25,Lk_203157,5,14.95891945,0.060536599,232.7283503,2
Stlk_25,Lk_357057,5,86.33897594,0.349401439,235.544295,2
Stlk_25,Lk_356956,5,110.6301628,0.447704385,234.9965865,2
Stlk_25,Lk_25963,5,147.6427946,0.597489192,283.607425,2
Stlk_25,Lk_243061,5,1502.038622,6.078534644,219.2056963,2
Stlk_25,Lk_203173,5,32.27622301,0.13061724,231.3844938,2
Stlk_25,Lk_25963,5,147.642795,0.597489192,283.5805805,2
Stlk_25,Lk_206238,5,688.4697724,2.78613832,262.4411735,5
Stlk_25,Lk_357057,38,86.33897594,0.349401439,235.5798659,5
Stlk_25,Lk_358242,5,88.64170008,0.358720233,270.044252,5
Stlk_25,Lk_204218,5,150.7203284,0.609943529,253.3436963,5
Stlk_25,Lk_357796,5,33.47291486,0.13546008,247.0078335,5
Stlk_25,Lk_25963,88,147.6427946,0.597489192,283.8102822,5
Stlk_25,Lk_206153,5,152.2131492,0.61598476,262.0858256,5
Stlk_25,Lk_25966,5,827.0974838,3.347144764,258.1904333,5
Stlk_25,Lk_357533,5,154.1716713,0.623910618,254.1668677,5
Stlk_25,Lk_25963,5,147.6427946,0.597489192,283.9327345,2
Stlk_45,Lk_25963,5,147.6427946,0.597489192,488.1020232,5
Stlk_83,Lk_360239,5,1653.955456,6.69332026,54.008375,5
Stlk_83,Lk_25963,5,147.6427946,0.597489192,79.89861559,5
Stlk_83,Lk_25959,5,1229.723326,4.97651374,19.65483891,5
Stlk_83,Lk_205003,5,326.6297554,1.321823724,14.97940181,5
Stlk_9,Lk_25963,88,147.6427946,0.597489192,0.28339595,5
Stlk_9,Lk_1045459,3,21715.55759,87.87974369,8.848606223,3
Stlk_9,Lk_360239,5,1653.955456,6.69332026,104.0147502,3
Stlk_9,Lk_206238,2,688.469772,2.78613832,36.76280947,3
Stlk_9,Lk_206238,1,688.469772,2.78613832,37.71316688,3
Stlk_9,Lk_243061,1,1502.038622,6.078534644,84.54749647,3
Stlk_83,Lk_429571,5,4194.696161,16.9753331,133.628566,5
Stlk_9,Lk_429571,2,4194.696161,16.9753331,124.2854552,3
Stlk_9,Lk_429571,2,4194.696161,16.9753331,125.5754245,3
Stlk_9,Lk_910436,5,1325.498741,5.364103094,160.7375583,3
Stlk_9,Lk_1041965,5,76400.00574,309.1798539,169.4315902,3
Stlk_9,Lk_911202,5,235.1267429,0.95152417,151.5742018,3
Stlk_9,Lk_910436,5,1325.498741,5.364103094,161.4215675,3
Stlk_30,Lk_447317,5,1238.18011,5.01073713,122.56614,5
Stlk_30,Lk_1041965,5,76400.00574,309.1798539,149.5135453,5
Stlk_45,Lk_905679,5,1075.778025,4.353519209,338.8272813,1
Stlk_9,Lk_1047451,5,27.18240904,0.110003307,152.1228592,3
Stlk_25,Lk_497803,5,45.53438173,0.184271105,382.5146372,2
Stlk_25,Lk_355980,5,1400.802152,5.668845185,383.2233306,2
Stlk_25,Lk_902129,5,71.98466814,0.291311617,372.8236636,2
Stlk_25,Lk_297125,5,5735.623297,23.21124398,381.87235,2
Stlk_25,Lk_28858,5,176.4578599,0.714099623,353.1221628,2
Stlk_25,Lk_212586,5,64.62576526,0.261531193,361.2810966,2
Stlk_25,Lk_903293,5,113.5043431,0.45933578,391.5335575,2
Stlk_25,Lk_356268,5,182.2101426,0.737378286,431.4624243,2
Stlk_25,Lk_211748,5,76.03562804,0.30770527,360.3704872,2
Stlk_25,Lk_902719,5,124.7021379,0.504651648,346.6415413,2
Stlk_25,Lk_903173,5,200.1293398,0.809894704,357.4845342,2
Stlk_25,Lk_903231,5,102.8412328,0.416183703,401.9064987,2
Stlk_25,Lk_497797,5,36.49695004,0.147697917,385.1754617,2
Stlk_25,Lk_356553,5,57.50807551,0.232726925,454.7511297,2
Stlk_25,Lk_356459,5,238.5162589,0.965241054,419.4877067,2
Stlk_25,Lk_298915,18,184.797729,0.747849876,379.9929112,2
Stlk_25,Lk_353275,5,61.44243401,0.248648709,436.7583217,2
Stlk_9,Lk_1039728,2,7629.844467,30.87688508,250.6203981,3
Stlk_9,Lk_1039728,5,7629.844467,30.87688508,231.886806,3
Stlk_9,Lk_1047791,2,7370.084185,29.825673,209.0416176,3
Stlk_9,Lk_1039905,2,701.332999,2.838193951,237.2305305,3
Stlk_9,Lk_297125,1,5735.623297,23.21124398,306.554706,3
Stlk_25,Lk_1043384,5,766.9079347,3.103566301,342.6305586,2
Stlk_25,Lk_25919,5,5477.117372,22.16510761,303.0570863,2
Stlk_25,Lk_212475,5,402.7377179,1.62982172,336.2187887,2
Stlk_25,Lk_25984,5,98.68411501,0.399360445,326.0081466,2
Stlk_25,Lk_212126,5,1204.254299,4.873444246,309.6727727,2
Stlk_25,Lk_25919,5,5477.117372,22.16510761,299.7093963,5
Stlk_25,Lk_25919,5,5477.117372,22.16510761,299.5957806,2
Stlk_3,Lk_25919,5,5477.117372,22.16510761,707.0635058,3
Stlk_9,Lk_25919,2,5477.117372,22.16510761,142.2316788,3
Stlk_9,Lk_25919,1,5477.117372,22.16510761,141.6750107,3
Stlk_9,Lk_25919,2,5477.117372,22.16510761,140.4266858,3
Stlk_9,Lk_25919,1,5477.117372,22.16510761,141.0987447,3
Stlk_9,Lk_1039728,1,7629.844467,30.87688508,187.3864085,3
Stlk_9,Lk_1041403,4,2045.528805,8.277961381,160.7301021,3
Stlk_9,Lk_161294,4,87.247722,0.353079004,186.8416302,3
Stlk_9,Lk_161294,2,87.247722,0.353079004,186.8850372,3
Stlk_25,Lk_1044103,5,44009.36745,178.0995913,370.8201277,2
Stlk_25,Lk_473532,5,114.0110986,0.461386547,406.7137191,2
Stlk_25,Lk_1042064,5,59772.60549,241.8911524,316.3269112,2
Stlk_25,Lk_1042449,5,184048.9617,744.8197226,209.2515513,2
Stlk_25,Lk_1042064,5,59772.60549,241.8911524,229.6696985,2
Stlk_25,Lk_435570,5,244.6126917,0.989912443,295.0284182,2
Stlk_25,Lk_1042448,5,17868.64332,72.31183397,366.9798383,2
Stlk_9,Lk_1042064,5,59772.60549,241.8911524,409.0645846,5
Stlk_9,Lk_1042064,5,59772.60549,241.8911524,379.8542371,5
Stlk_9,Lk_1042064,5,59772.60549,241.8911524,433.2916715,5
Stlk_25,Lk_1041963,18,9285.703668,37.57790953,122.3374904,2
Stlk_25,Lk_401694,5,210.8667309,0.853347384,185.0202578,2
Stlk_25,Lk_401734,5,152.335453,0.616479706,201.8006573,2
Stlk_25,Lk_1041963,5,9285.703668,37.57790953,83.81901078,5
Stlk_3,Lk_1041963,5,9285.703668,37.57790953,510.4008475,2
Stlk_25,Lk_1044103,5,44009.36745,178.0995913,344.6432362,2
Stlk_24,Lk_1041985,5,36659.38622,148.3552726,173.1237732,5
Stlk_25,Lk_425402,38,559.5018047,2.264223472,154.9596519,2
Stlk_25,Lk_438939,5,84.36673093,0.341420047,240.8680188,2
Stlk_25,Lk_1044103,5,44009.36745,178.0995913,260.4739397,2
Stlk_25,Lk_1042449,5,184048.9617,744.8197226,225.1687092,2
Stlk_25,Lk_352031,5,3058.571871,12.37760122,319.4908713,2
Stlk_25,Lk_421329,5,66.40855222,0.268745876,198.385283,2
Stlk_25,Lk_160542,5,219.582483,0.888618782,224.7937223,2
Stlk_25,Lk_1041985,5,36659.38622,148.3552726,182.7643524,5
Stlk_25,Lk_1042449,5,184048.9617,744.8197226,145.2238148,5
Stlk_25,Lk_442035,5,2.675884979,0.010828922,164.388132,5
Stlk_25,Lk_424455,5,699.7634359,2.831842155,187.6318839,5
Stlk_25,Lk_26377,18,1125.568894,4.555015706,172.0063409,5
Stlk_25,Lk_297724,5,83.05439857,0.336109226,228.8360896,5
Stlk_9,Lk_242290,3,528.372782,2.138248788,115.8291442,3
Stlk_25,Lk_504334,5,992.0862206,4.014830493,409.4967532,2
Stlk_25,Lk_504334,5,992.0862206,4.014830493,408.8224068,2
Stlk_25,Lk_504755,5,362.7947215,1.468178149,429.8125322,2
Stlk_9,Lk_1022019,5,377.231661,1.526602,161.5726043,3
Stlk_9,Lk_504334,5,992.086221,4.014830493,194.5567144,3
Stlk_25,Lk_504391,5,1066.874958,4.317489776,408.1308728,2
Stlk_9,Lk_1043890,5,2300.309443,9.309022042,167.0811638,5
Stlk_9,Lk_504391,5,1066.874958,4.317489776,180.4835246,5
Stlk_9,Lk_1043890,5,2300.309443,9.309022042,164.9403245,3
Stlk_9,Lk_657286,2,75.46785431,0.305407571,151.4518558,3
Stlk_25,Lk_497770,5,333.368525,1.349094556,444.3910636,2
Stlk_9,Lk_1039791,5,581.422923,2.352935092,274.929252,3
Stlk_9,Lk_211993,5,117.44237,0.475272409,221.1646575,3
Stlk_9,Lk_211993,5,117.44237,0.475272409,221.1901779,3
Stlk_25,Lk_507977,5,1667.67203,6.748829266,513.4781628,2
Stlk_25,Lk_497745,5,74.92643764,0.303216535,451.4301775,2
Stlk_25,Lk_507977,5,3247.076683,13.14045313,520.9666195,2
Stlk_9,Lk_497745,5,74.92643764,0.303216535,320.3417581,3
Stlk_53,Lk_28135,150,3957.95291,16.01726715,92.01758689,3
Stlk_34,Lk_28135,18,3957.95291,16.01726715,113.370339,2
Stlk_69,Lk_28135,5,3957.95291,16.01726715,265.5417687,2
Stlk_60,Lk_28135,5,3957.95291,16.01726715,78.7082343,2
Stlk_3,Lk_28135,5,3957.95291,16.01726715,184.4945992,5
Stlk_3,Lk_28135,5,3957.95291,16.01726715,184.8167966,5
Stlk_3,Lk_28135,250,3957.95291,16.01726715,184.4857959,2
Stlk_3,Lk_28135,5,3957.95291,16.01726715,184.1026156,5
Stlk_3,Lk_28135,250,3957.95291,16.01726715,184.2022307,4
Stlk_67,Lk_28135,5,3957.95291,16.01726715,110.3750519,3
Stlk_75,Lk_1039634,5,26117.92106,105.695477,440.4953299,2
Stlk_75,Lk_531398,5,145.404682,0.588431871,368.5678239,2
Stlk_34,Lk_342448,5,99.35100468,0.402059251,185.5090471,2
Stlk_2,Lk_28995,5,76893.07652,311.1752406,259.5338593,2
Stlk_76,Lk_25891,5,654334.485,2647.997713,397.2514866,2
Stlk_76,Lk_28995,18,76893.07652,311.1752406,311.8090188,2
Stlk_76,Lk_25891,18,654334.485,2647.997713,370.7062899,2
Stlk_76,Lk_25891,5,654334.485,2647.997713,413.2824745,2
Stlk_25,Lk_28151,5,6458.836467,26.13798384,680.5663636,2
Stlk_25,Lk_28995,5,76893.07652,311.1752406,613.0537183,2
Stlk_21,Lk_28995,5,76893.07652,311.1752406,276.4667648,5
Stlk_11,Lk_531398,5,145.404682,0.588431871,333.6287195,2
Stlk_58,Lk_25891,5,654334.485,2647.997713,1.538562047,2
Stlk_77,Lk_1039634,5,26117.92106,105.695477,437.566947,3
Stlk_37,Lk_1039634,5,26117.92106,105.695477,38.17833297,2
Stlk_37,Lk_25891,18,654334.485,2647.997713,86.22009282,3
Stlk_37,Lk_341771,18,3145.450547,12.72918675,72.61912248,3
Stlk_60,Lk_1,5,3403.618382,13.77395491,36.21109938,5
Stlk_60,Lk_28995,38,76893.07652,311.1752406,14.61338902,1
Stlk_60,Lk_28995,38,76893.07652,311.1752406,3.929707517,1
Stlk_60,Lk_1039634,88,26117.92106,105.695477,143.9279093,3
Stlk_60,Lk_25891,5,654334.485,2647.997713,73.93787483,2
Stlk_60,Lk_28979,5,3957.896713,16.01703973,19.12432108,2
Stlk_60,Lk_25891,38,654334.485,2647.997713,107.5946753,2
Stlk_60,Lk_28995,5,76893.07652,311.1752406,27.98535655,2
Stlk_60,Lk_28995,5,76893.07652,311.1752406,3.943730161,2
Stlk_60,Lk_533045,5,1640.046716,6.637033584,62.85208467,2
Stlk_60,Lk_28995,5,76893.07652,311.1752406,15.24433365,2
Stlk_60,Lk_28997,5,3132.809237,12.67802918,24.52228796,2
Stlk_60,Lk_28983,5,3929.036003,15.90024458,41.78955609,2
Stlk_60,Lk_28990,5,4965.034236,20.09278069,15.83866621,2
Stlk_60,Lk_531484,5,2397.949555,9.704157556,40.70421964,2
Stlk_60,Lk_28995,5,76893.07652,311.1752406,1.329108863,3
Stlk_60,Lk_28990,5,4965.034236,20.09278069,8.990219001,2
Stlk_60,Lk_529476,5,1118.810901,4.527667082,11.75161269,5
Stlk_60,Lk_28995,5,76893.07652,311.1752406,32.04311418,5
Stlk_60,Lk_28995,5,76893.07652,311.1752406,1.514814324,5
Stlk_60,Lk_529476,5,1118.810901,4.527667082,9.810282118,2
Stlk_60,Lk_28990,5,4965.034236,20.09278069,6.448946077,2
Stlk_60,Lk_1039634,5,26117.92106,105.695477,131.8895518,2
Stlk_60,Lk_25891,5,654334.485,2647.997713,112.6802374,2
Stlk_60,Lk_531484,5,2397.949555,9.704157556,42.09005385,2
Stlk_60,Lk_28995,38,76893.07652,311.1752406,4.166068435,2
Stlk_3,Lk_25891,5,654334.485,2647.997713,276.9903802,2
Stlk_3,Lk_28995,5,76893.07652,311.1752406,259.0478469,5
Stlk_3,Lk_25891,88,654334.485,2647.997713,333.4695674,5
Stlk_3,Lk_25891,38,654334.485,2647.997713,368.1610803,5
Stlk_3,Lk_28995,5,76893.07652,311.1752406,245.5425032,2
Stlk_3,Lk_28983,5,3929.036003,15.90024458,221.7074328,2
Stlk_3,Lk_28995,5,76893.07652,311.1752406,246.8799819,2
Stlk_3,Lk_25891,18,654334.485,2647.997713,316.5989287,2
Stlk_3,Lk_28995,5,76893.07652,311.1752406,259.9445343,3
Stlk_3,Lk_28983,5,3929.036003,15.90024458,224.5906726,5
Stlk_3,Lk_28995,18,76893.07652,311.1752406,228.5954783,2
Stlk_3,Lk_28995,18,76893.07652,311.1752406,261.3397957,2
Stlk_3,Lk_1039634,5,26117.92106,105.695477,453.214762,2
Stlk_3,Lk_28995,5,76893.07652,311.1752406,278.1185859,2
Stlk_3,Lk_28995,38,76893.07652,311.1752406,259.3951651,5
Stlk_3,Lk_28995,5,76893.07652,311.1752406,259.6960314,2
Stlk_3,Lk_25891,5,654334.485,2647.997713,314.7284868,1
Stlk_3,Lk_28995,5,76893.07652,311.1752406,277.6550103,1
Stlk_3,Lk_529476,5,1118.810901,4.527667082,256.9809994,5
Stlk_3,Lk_28995,5,76893.07652,311.1752406,259.3962189,5
Stlk_3,Lk_531398,5,145.404682,0.588431871,314.5810528,5
Stlk_67,Lk_28995,5,76893.07652,311.1752406,181.7789344,1
Stlk_51,Lk_25891,5,654334.485,2647.997713,133.4629937,1
Stlk_51,Lk_685195,5,1619.795233,6.555078743,59.74966535,1
Stlk_40,Lk_25891,5,654334.485,2647.997713,173.2613496,3
Stlk_46,Lk_1039634,88,26117.92106,105.695477,90.62312684,3
Stlk_19,Lk_25891,5,654334.485,2647.997713,208.5684449,3
Stlk_19,Lk_686770,18,217.3968885,0.879773994,131.2969054,3
Stlk_19,Lk_28995,5,76893.07652,311.1752406,229.0963057,3
Stlk_38,Lk_25891,5,654334.485,2647.997713,5.028915378,5
Stlk_68,Lk_28990,5,4965.034236,20.09278069,180.8343696,2
Stlk_23,Lk_25891,38,654334.485,2647.997713,41.68685525,3
Stlk_23,Lk_676307,38,111.4711534,0.451107753,54.45118087,3
Stlk_23,Lk_676046,38,144.4909054,0.584733948,56.29788485,3
Stlk_23,Lk_25891,5,654334.485,2647.997713,56.09704771,3
Stlk_23,Lk_25891,38,654334.485,2647.997713,53.76567003,3
Stlk_23,Lk_341771,18,3145.450547,12.72918675,69.07643776,3
Stlk_23,Lk_1041465,18,2241.199473,9.069812482,26.68049491,3
Stlk_23,Lk_1039634,18,26117.92106,105.695477,104.1587844,3
Stlk_23,Lk_1039634,38,26117.92106,105.695477,129.9457709,3
Stlk_71,Lk_1039634,18,26117.92106,105.695477,131.9695363,3
Stlk_27,Lk_341771,63,3145.450547,12.72918675,64.5144448,5
Stlk_81,Lk_25891,18,654334.485,2647.997713,432.4027459,5
Stlk_3,Lk_315915,5,216.3931801,0.87571213,158.1170538,2
Stlk_75,Lk_36723,5,63158.70184,588.2389435,507.0234724,2
Stlk_75,Lk_1015447,5,278.6882474,1.127811324,515.3162246,2
Stlk_75,Lk_36723,5,52227.02792,588.2389435,494.0286656,2
Stlk_75,Lk_678625,5,2171.492955,8.787720213,444.4743585,2
Stlk_34,Lk_36723,5,52227.02792,588.2389435,271.7530931,5
Stlk_34,Lk_36723,150,52227.02792,588.2389435,272.4147249,4
Stlk_34,Lk_36723,38,52227.02792,588.2389435,272.3656369,2
Stlk_76,Lk_1039676,18,7825.371395,31.66815449,521.6243599,2
Stlk_37,Lk_30328,5,18671.33066,75.56019441,91.33071874,2
Stlk_37,Lk_30328,18,18671.33066,75.56019441,92.62507992,3
Stlk_37,Lk_29468,18,8050.102261,32.57760803,58.79764064,3
Stlk_60,Lk_29468,5,18254.4062,73.87296098,176.7867593,2
Stlk_60,Lk_36723,5,52227.02792,588.2389435,201.3910343,2
Stlk_60,Lk_36723,5,52227.02792,588.2389435,199.0462703,3
Stlk_60,Lk_36723,5,52227.02792,588.2389435,201.9400274,2
Stlk_60,Lk_36723,5,63158.70184,588.2389435,193.8156138,2
Stlk_3,Lk_36723,150,52227.02792,588.2389435,436.2242165,3
Stlk_3,Lk_1039676,5,7825.371395,31.66815449,466.0846105,5
Stlk_3,Lk_36723,5,52227.02792,588.2389435,437.0213729,2
Stlk_3,Lk_36723,18,52227.02792,588.2389435,448.3646738,1
Stlk_3,Lk_1015447,5,278.6882474,1.127811324,459.2258705,3
Stlk_3,Lk_36723,5,52227.02792,588.2389435,436.8685925,3
Stlk_3,Lk_30328,5,18671.33066,75.56019441,439.2028484,5
Stlk_3,Lk_36723,5,52227.02792,588.2389435,436.2128432,5
Stlk_3,Lk_1039676,5,7825.371395,31.66815449,466.4527485,5
Stlk_3,Lk_36723,18,52227.02792,588.2389435,436.1753693,2
Stlk_3,Lk_30328,5,18671.33066,75.56019441,445.9699269,4
Stlk_3,Lk_36723,150,52227.02792,588.2389435,435.1566357,4
Stlk_67,Lk_36723,5,52227.02792,588.2389435,352.3358279,1
Stlk_51,Lk_30328,5,18671.33066,75.56019441,28.57013442,1
Stlk_51,Lk_1039676,18,7825.371395,31.66815449,36.96630168,1
Stlk_51,Lk_30328,38,18671.33066,75.56019441,22.44119744,1
Stlk_40,Lk_36723,5,52227.02792,588.2389435,56.71028127,5
Stlk_40,Lk_29468,38,8050.102261,32.57760803,64.65123387,3
Stlk_40,Lk_30328,88,18671.33066,75.56019441,48.37545505,3
Stlk_40,Lk_36723,38,52227.02792,588.2389435,45.84867807,3
Stlk_40,Lk_30328,5,18671.33066,75.56019441,52.9614378,3
Stlk_40,Lk_1039676,5,7825.371395,31.66815449,1.084932437,3
Stlk_40,Lk_1017736,88,1608.858367,6.510818815,26.87325588,1
Stlk_40,Lk_36723,350,52227.02792,588.2389435,56.22932919,3
Stlk_46,Lk_678625,63,2171.492955,8.787720213,15.11531854,3
Stlk_46,Lk_29468,63,8050.102261,32.57760803,37.37666856,3
Stlk_23,Lk_678625,5,2171.492955,8.787720213,126.1200657,3
Stlk_71,Lk_30328,5,18671.33066,75.56019441,218.2731985,3
Stlk_27,Lk_36723,150,52227.02792,588.2389435,51.20285121,5
Stlk_60,Lk_92956,5,861.5704241,3.486651804,179.1572722,2
Stlk_75,Lk_27553,5,32704.96491,132.3522973,434.1446818,2
Stlk_75,Lk_27542,5,42927.98302,173.7233838,438.9972088,2
Stlk_34,Lk_340818,5,378.5491377,1.531934009,189.7757247,2
Stlk_37,Lk_1041830,18,485.962958,1.966622317,55.34692183,3
Stlk_60,Lk_27553,38,32704.96491,132.3522973,150.6200694,3
Stlk_60,Lk_27542,38,42927.98302,173.7233838,134.7025486,3
Stlk_60,Lk_28186,18,6913.154433,27.97654342,147.947562,3
Stlk_60,Lk_27542,5,42927.98302,173.7233838,125.3514009,2
Stlk_60,Lk_28196,5,3213.525091,13.00467465,130.9675613,2
Stlk_60,Lk_340818,5,378.549138,1.531934009,110.6783209,2
Stlk_60,Lk_28186,5,6913.154433,27.97654342,143.3381676,2
Stlk_60,Lk_27542,5,42927.98302,173.7233838,126.4023068,2
Stlk_3,Lk_27553,150,32704.96491,132.3522973,391.5527339,5
Stlk_3,Lk_27553,5,32704.96491,132.3522973,386.7634155,3
Stlk_3,Lk_27553,5,32704.96491,132.3522973,391.9999617,2
Stlk_3,Lk_27553,5,32704.96491,132.3522973,380.7354505,2
Stlk_51,Lk_27542,5,42927.98302,173.7233838,82.61228434,1
Stlk_40,Lk_28186,38,6913.154433,27.97654342,107.9996922,3
Stlk_40,Lk_27542,38,42927.98302,173.7233838,95.52220924,3
Stlk_40,Lk_27553,38,32704.96491,132.3522973,79.44153417,3
Stlk_46,Lk_1039634,5,27442.66787,18.10874877,34.72119583,3
Stlk_46,Lk_1041830,88,485.962958,1.966622317,23.28211201,3
Stlk_46,Lk_1039634,88,27442.66787,18.10874877,27.37072279,3
Stlk_23,Lk_28196,5,3213.525091,13.00467465,101.0650681,3
Stlk_23,Lk_28186,5,6913.154433,27.97654342,113.6596802,3
Stlk_23,Lk_27542,38,42927.98302,173.7233838,94.46181485,3
Stlk_23,Lk_27553,5,32704.96491,132.3522973,112.593459,3
Stlk_23,Lk_1039634,5,27442.66787,18.10874877,129.132875,3
Stlk_23,Lk_1039634,5,27442.66787,18.10874877,111.9625284,3
Stlk_23,Lk_1041830,18,485.962958,1.966622317,88.02446308,3
Stlk_71,Lk_27553,5,32704.96491,132.3522973,206.1938535,3
Stlk_27,Lk_27553,150,32704.96491,132.3522973,12.30426107,5
Stlk_46,Lk_1044821,88,844.8951808,3.419169489,55.24473997,3
Stlk_2,Lk_36010,5,46235.7865,187.1095895,563.5309086,2
Stlk_56,Lk_36010,5,46235.7865,187.1095895,626.2069052,2
Stlk_3,Lk_139257,5,204.0611359,0.825806118,681.3566954,5
Stlk_40,Lk_36010,5,46235.7865,187.1095895,126.2128207,5
Stlk_40,Lk_36727,5,46412.07832,1172.400272,93.82343097,5
Stlk_40,Lk_36727,5,46412.07832,1172.400272,111.6383401,5
Stlk_40,Lk_30476,5,6980.078079,28.2473738,171.0475384,5
Stlk_40,Lk_30345,38,52702.21079,213.2782802,118.5644901,3
Stlk_40,Lk_36727,88,243294.3382,1172.400272,85.31594598,3
Stlk_40,Lk_36010,5,46235.7865,187.1095895,129.4530588,3
Stlk_40,Lk_95409,5,10121.17745,40.95895198,283.241703,5
Stlk_40,Lk_142050,5,5818.213791,23.54547585,367.1640859,5
Stlk_18,Lk_26016,5,323.1953624,1.307925228,74.76997281,5
Stlk_18,Lk_215173,5,106.9701391,0.432892794,82.27257872,5
Stlk_24,Lk_674549,5,2841.549827,11.49934417,349.1401816,2
Stlk_24,Lk_214700,5,1034.44984,4.186269979,442.5367285,2
Stlk_18,Lk_214477,5,157.1198218,0.63584136,127.0641221,5
Stlk_63,Lk_214700,5,1034.44984,4.186269979,167.2950089,1
Stlk_63,Lk_215759,5,201.9066069,0.817087049,101.9245621,1
Stlk_63,Lk_165125,5,92.84073288,0.375713116,67.60023294,1
Stlk_63,Lk_214800,5,289.9765955,1.173493648,155.9888211,1
Stlk_63,Lk_164684,5,24.85002271,0.100564474,26.36995581,1
Stlk_63,Lk_165540,5,26.442482,0.107008928,43.15085027,1
Stlk_3,Lk_214700,5,1034.44984,4.186269979,308.0609998,2
Stlk_3,Lk_214675,5,503.881869,2.039137577,312.8785747,2
Stlk_48,Lk_214477,5,157.1198218,0.63584136,30.91277337,5
Stlk_48,Lk_214236,5,88.81247746,0.359411345,24.33867992,5
Stlk_48,Lk_26012,5,574.9869764,2.326889738,59.79209771,5
Stlk_48,Lk_214800,5,289.9765955,1.173493648,47.86769483,5
Stlk_48,Lk_9871,5,100.5260606,0.406814534,12.08283951,5
Stlk_31,Lk_26007,5,172.1641945,0.696723776,166.6682269,3
Stlk_31,Lk_214675,5,503.881869,2.039137577,121.2879316,3
Stlk_15,Lk_674549,88,2841.549827,11.49934417,116.7504156,3
Stlk_31,Lk_1041553,5,6770.427784,27.398949,33.24188686,5
Stlk_13,Lk_200550,5,144.4046685,0.58438496,0.123542624,2
Stlk_39,Lk_222545,5,322.9309738,1.306855285,326.4614844,5
Stlk_39,Lk_227491,5,93.30465732,0.377590552,288.2204878,5
Stlk_28,Lk_218280,18,258.9921231,1.048103937,51.48565488,1
Stlk_31,Lk_26064,38,9097.766204,36.81735359,22.10189428,1
Stlk_31,Lk_217980,38,336.348867,1.361155573,6.259975476,1
Stlk_31,Lk_26064,38,9097.766204,36.81735359,27.0656913,3
Stlk_29,Lk_26064,5,9097.766204,36.81735359,35.86052356,1
Stlk_29,Lk_218280,5,258.9921231,1.048103937,34.97463863,1
Stlk_2,Lk_576924,5,371.4113079,1.503048237,205.0206558,2
Stlk_24,Lk_576924,5,371.4113079,1.503048237,238.7044077,2
Stlk_56,Lk_228224,5,14655.87794,59.31023377,165.0262933,1
Stlk_56,Lk_576924,18,371.4113079,1.503048237,141.3879584,2
Stlk_58,Lk_1036879,5,2927.485684,11.847114,414.7636432,2
Stlk_3,Lk_228224,18,14655.87794,59.31023377,221.3587224,5
Stlk_3,Lk_228224,5,14655.87794,59.31023377,221.7052108,5
Stlk_67,Lk_228224,5,14655.87794,59.31023377,307.5649388,2
Stlk_28,Lk_575591,5,181.1006161,0.732888191,82.623334,1
Stlk_33,Lk_576924,5,371.4113079,1.503048237,143.5132764,1
Stlk_74,Lk_228224,5,14655.87794,59.31023377,138.3584574,2
Stlk_31,Lk_228224,18,14655.87794,59.31023377,33.7602651,3
Stlk_31,Lk_228224,5,8967.107295,36.28859575,47.56275523,3
Stlk_31,Lk_228224,5,1399.737312,5.664535929,52.41023313,3
Stlk_24,Lk_705706,5,364.7895952,1.476251116,218.2880622,2
Stlk_25,Lk_702032,5,1321.749353,5.348929858,212.2386055,5
Stlk_3,Lk_29230,5,557.0652325,2.254363014,287.3827084,5
Stlk_3,Lk_702032,5,1321.749353,5.348929858,315.2238599,5
Stlk_28,Lk_29227,5,509.6414394,2.062445732,52.34106661,1
Stlk_28,Lk_29230,5,557.0652325,2.254363014,33.97453103,1
Stlk_24,Lk_173661,5,4204.406974,17.01463136,223.277159,2
Stlk_25,Lk_704115,5,790.1665741,3.197690675,227.9095857,2
Stlk_25,Lk_174973,5,3848.89443,15.57592314,245.5621705,2
Stlk_3,Lk_174973,5,3848.89443,15.57592314,302.8733723,5
Stlk_25,Lk_705282,5,1573.35036,6.367123011,198.4177656,2
Stlk_63,Lk_169744,18,5.017844569,0.020306497,75.02032517,1
Stlk_63,Lk_164970,5,60.25440683,0.243840933,11.5187351,1
Stlk_28,Lk_27783,5,1177.99651,4.767182743,52.51212533,1
Stlk_28,Lk_170883,5,1071.271017,4.335279994,32.24079018,1
Stlk_18,Lk_244600,5,90.60085495,0.366648652,69.54074052,5
Stlk_63,Lk_216301,5,543.7101299,2.200316831,115.4773637,1
Stlk_3,Lk_26075,5,16795.27404,67.9680626,219.784718,5
Stlk_74,Lk_221639,5,521.3826435,2.109960699,84.04284381,2
Stlk_74,Lk_26075,5,16795.27404,67.9680626,74.61433404,2
Stlk_3,Lk_26137,5,39055.24764,158.0509797,199.7589623,5
Stlk_3,Lk_26137,5,39055.24764,158.0509797,213.6651152,5
Stlk_24,Lk_301653,5,719.303342,2.910917349,181.0090339,2
Stlk_39,Lk_473735,5,4.60886,0.018651395,304.6854994,1
Stlk_3,Lk_13047,18,231.178481,0.935546119,191.5726487,4
Stlk_3,Lk_474080,5,26.6351621,0.107788677,214.5200693,5
Stlk_33,Lk_302803,5,404.2332353,1.635873865,101.0410535,1
Stlk_75,Lk_155954,5,296.3872534,1.19943666,140.4679417,5
Stlk_2,Lk_156238,38,33.28760946,0.134710176,180.0719961,2
Stlk_2,Lk_156286,5,107.745546,0.436030755,167.4331924,2
Stlk_2,Lk_29133,5,333.599653,1.3500299,199.8312585,5
Stlk_69,Lk_156730,5,87.09579134,0.352464163,15.31435228,2
Stlk_69,Lk_156682,5,48.05363048,0.194466143,27.53286285,2
Stlk_69,Lk_156708,18,105.4500615,0.426741259,18.87757055,2
Stlk_69,Lk_156708,5,105.4500615,0.426741259,18.75032846,2
Stlk_3,Lk_156286,5,107.745546,0.436030755,163.2747667,2
Stlk_3,Lk_156210,63,883.7105922,3.576249885,179.9446316,5
Stlk_3,Lk_1046312,18,1176.591401,4.761496467,130.4378798,5
Stlk_3,Lk_156210,5,883.7105922,3.576249885,178.3360884,2
Stlk_3,Lk_156238,5,33.28760946,0.134710176,175.6749567,1
Stlk_3,Lk_156682,38,3.597600668,0.014558973,146.2382938,5
Stlk_3,Lk_156210,18,883.7105922,3.576249885,176.9914402,4
Stlk_3,Lk_474363,5,252.1814278,1.020542031,179.4551871,5
Stlk_3,Lk_156210,5,883.7105922,3.576249885,176.9914402,5
Stlk_75,Lk_488226,18,71.410142,0.288986591,39.32109984,5
Stlk_10,Lk_26266,5,144.342184,0.584132094,24.9882595,5
Stlk_10,Lk_487832,5,420.3482966,1.701089204,4.407818054,2
Stlk_2,Lk_488437,18,197.0509372,0.797436851,45.67683782,2
Stlk_2,Lk_26283,5,795.727422,3.220194629,62.28311326,5
Stlk_69,Lk_488333,5,1172.676912,4.745655095,77.88648388,2
Stlk_69,Lk_488375,5,51.27211462,0.207490886,79.427224,2
Stlk_56,Lk_26291,5,63.48902755,0.256930979,48.48176219,5
Stlk_56,Lk_26266,5,144.342184,0.584132094,43.87932432,2
Stlk_56,Lk_26266,5,144.342184,0.584132094,43.85312379,2
Stlk_56,Lk_488333,18,1172.676912,4.745655095,47.0203808,2
Stlk_21,Lk_26266,5,144.342184,0.584132094,51.10811816,1
Stlk_21,Lk_488333,5,1172.676912,4.745655095,44.9255674,1
Stlk_21,Lk_488333,5,1172.676912,4.745655095,45.38717273,1
Stlk_11,Lk_26283,5,795.727422,3.220194629,17.44672059,2
Stlk_11,Lk_488333,5,1172.676912,4.745655095,13.85049302,2
Stlk_62,Lk_26283,5,795.727422,3.220194629,72.45613693,5
Stlk_3,Lk_488333,5,1172.676912,4.745655095,50.57874979,2
Stlk_3,Lk_488333,5,1172.676912,4.745655095,48.61269817,2
Stlk_3,Lk_488333,5,1172.676912,4.745655095,50.57874979,1
Stlk_3,Lk_26283,5,795.727422,3.220194629,56.85133444,1
Stlk_3,Lk_488333,5,1172.676912,4.745655095,50.57874979,1
Stlk_3,Lk_488333,5,1172.676912,4.745655095,50.99541744,2
Stlk_3,Lk_487832,38,420.3482966,1.701089204,44.00840525,5
Stlk_3,Lk_487788,18,93.877773,0.379909869,50.45561262,5
Stlk_3,Lk_487788,18,93.877773,0.379909869,50.5649516,5
Stlk_3,Lk_488333,5,1172.676912,4.745655095,50.24983387,2
Stlk_3,Lk_26266,5,144.342184,0.584132094,63.14357705,5
Stlk_3,Lk_488207,5,271.860176,1.100179098,61.60333265,5
Stlk_3,Lk_488333,38,1172.676912,4.745655095,49.64086739,2
Stlk_3,Lk_488432,5,163.3148722,0.660911839,40.2964051,1
Stlk_3,Lk_488333,5,1172.676912,4.745655095,51.02710817,1
Stlk_3,Lk_26283,63,795.727422,3.220194629,56.94535148,5
Stlk_3,Lk_488333,5,1172.676912,4.745655095,49.99863024,2
Stlk_3,Lk_26266,5,144.342184,0.584132094,63.45889262,5
Stlk_3,Lk_487832,5,420.3482966,1.701089204,44.23998301,5
Stlk_3,Lk_488333,5,1172.676912,4.745655095,50.89545181,5
Stlk_3,Lk_488432,18,163.3148722,0.660911839,40.74681721,2
Stlk_3,Lk_26283,18,795.727422,3.220194629,56.9542875,3
Stlk_3,Lk_26283,5,795.727422,3.220194629,57.86102525,2
Stlk_3,Lk_26289,5,165.9399203,0.671535032,36.23582182,1
Stlk_3,Lk_26266,5,144.342184,0.584132094,63.46265037,5
Stlk_3,Lk_488333,5,1172.676912,4.745655095,51.5229107,5
Stlk_3,Lk_488309,5,77.12332,0.312107003,53.18786143,5
Stlk_3,Lk_488333,5,1172.676912,4.745655095,51.68304535,2
Stlk_3,Lk_26283,5,795.727422,3.220194629,56.74345787,2
Stlk_3,Lk_26266,5,144.342184,0.584132094,63.02030855,2
Stlk_3,Lk_488432,5,163.3148722,0.660911839,40.58060931,2
Stlk_3,Lk_488333,5,1172.676912,4.745655095,50.50124701,2
Stlk_3,Lk_488392,5,294.0123942,1.189825946,46.85061402,5
Stlk_3,Lk_487832,18,420.3482966,1.701089204,43.90494838,5
Stlk_3,Lk_488170,5,57.87844352,0.234225751,23.77451391,5
Stlk_3,Lk_488460,5,95.09287194,0.3848272,40.16036606,5
Stlk_3,Lk_488432,5,163.3148722,0.660911839,40.05342547,2
Stlk_3,Lk_26283,5,795.727422,3.220194629,56.73957111,2
Stlk_3,Lk_488471,5,240.2225042,0.972145984,38.04957144,5
Stlk_35,Lk_1040484,18,1457.34128,5.897650918,3.013982224,5
Stlk_36,Lk_488333,5,1172.676912,4.745655095,22.88803315,1
Stlk_82,Lk_488333,18,1172.676912,4.745655095,2.081359178,1
Stlk_4,Lk_488333,5,1172.676912,4.745655095,53.26075158,5
Stlk_79,Lk_488213,5,41.932867,0.169696294,23.24277431,5
Stlk_22,Lk_488333,18,1172.676912,4.745655095,41.17422639,2
Stlk_80,Lk_26266,5,144.342184,0.584132094,24.61162713,5
Stlk_81,Lk_487830,5,133.903354,0.541887648,28.83007588,1
Stlk_81,Lk_26266,18,144.342184,0.584132094,38.64380205,5
Stlk_57,Lk_26266,5,144.342184,0.584132094,42.40189125,2
Stlk_57,Lk_26283,5,795.727422,3.220194629,38.62180058,2
Stlk_57,Lk_487832,5,420.3482966,1.701089204,35.17507779,2
Stlk_57,Lk_488333,5,1172.676912,4.745655095,47.13087378,2
Stlk_75,Lk_285567,5,205.3009003,0.830823267,36.57895026,5
Stlk_10,Lk_268,5,3069.583243,12.42216266,3.78426559,5
Stlk_10,Lk_268,5,3069.583243,12.42216266,2.671735869,1
Stlk_2,Lk_488178,38,152.1786341,0.615845083,20.8273674,1
Stlk_2,Lk_268,18,3069.583243,12.42216266,44.2091312,2
Stlk_2,Lk_268,18,3069.583243,12.42216266,43.73551554,5
Stlk_56,Lk_200959,5,265.5754182,1.074745587,2.2082373,2
Stlk_56,Lk_268,5,3069.583243,12.42216266,32.02432889,2
Stlk_56,Lk_200912,5,62.06888957,0.251183884,3.927122297,2
Stlk_11,Lk_200971,5,377.9762938,1.529615792,28.79780926,2
Stlk_11,Lk_487801,5,165.8724237,0.671261883,20.00409653,2
Stlk_11,Lk_268,38,310.9553058,1.258391477,0.654038291,2
Stlk_11,Lk_200962,5,366.1361981,1.481700625,34.01057561,2
Stlk_11,Lk_487806,5,235.381161,0.952553763,19.9568937,2
Stlk_1,Lk_200971,5,377.9762938,1.529615792,563.2357533,3
Stlk_60,Lk_268,5,3069.583243,12.42216266,279.3546136,5
Stlk_3,Lk_200971,5,377.9762938,1.529615792,51.03900397,3
Stlk_3,Lk_488178,5,152.1786341,0.615845083,15.36819221,1
Stlk_3,Lk_27984,5,152.6602949,0.617794295,17.48740982,1
Stlk_3,Lk_488184,5,60.57912664,0.245155028,14.53526874,1
Stlk_3,Lk_200971,5,377.9762938,1.529615792,51.68378488,2
Stlk_3,Lk_268,5,3069.583243,12.42216266,38.88364844,2
Stlk_3,Lk_268,18,3069.583243,12.42216266,39.06600437,5
Stlk_3,Lk_285567,5,205.3009003,0.830823267,31.37191929,2
Stlk_3,Lk_268,5,3069.583243,12.42216266,38.90469142,2
Stlk_3,Lk_200841,5,50.0274217,0.202453793,63.44691264,2
Stlk_3,Lk_268,38,3069.583243,12.42216266,39.21632364,2
Stlk_3,Lk_268,18,3069.583243,12.42216266,38.8432057,2
Stlk_3,Lk_268,5,3069.583243,12.42216266,38.207379,5
Stlk_3,Lk_27984,5,152.6602949,0.617794295,17.59217616,5
Stlk_3,Lk_487826,5,153.0914389,0.619539073,45.71154286,5
Stlk_3,Lk_200880,5,237.3743796,0.960620032,68.74522564,5
Stlk_3,Lk_487806,5,235.381161,0.952553763,50.75946562,5
Stlk_3,Lk_268,5,3069.583243,12.42216266,38.92233069,5
Stlk_3,Lk_268,5,310.9553058,1.258391477,39.17154763,2
Stlk_3,Lk_200971,5,377.9762938,1.529615792,51.05177393,1
Stlk_3,Lk_200940,5,102.3045541,0.414011842,59.66941579,1
Stlk_3,Lk_200962,5,366.1361981,1.481700625,54.25093596,1
Stlk_3,Lk_200962,5,366.136198,1.481700625,54.92164222,5
Stlk_3,Lk_268,5,3069.583243,12.42216266,41.65888203,2
Stlk_3,Lk_268,5,310.9553058,1.258391477,39.38955692,2
Stlk_3,Lk_268,5,3069.583243,12.42216266,39.76735811,2
Stlk_3,Lk_200986,18,72.95816049,0.2952512,50.22156535,2
Stlk_3,Lk_488178,5,152.1786341,0.615845083,15.36819221,2
Stlk_3,Lk_200971,150,377.9762938,1.529615792,51.24356712,4
Stlk_3,Lk_488178,18,152.1786341,0.615845083,15.16269533,2
Stlk_3,Lk_285567,18,205.3009003,0.830823267,31.37514179,5
Stlk_3,Lk_488178,38,152.1786341,0.615845083,15.47889499,5
Stlk_3,Lk_268,5,3069.583243,12.42216266,39.66185964,5
Stlk_3,Lk_200971,5,377.9762938,1.529615792,51.44843559,5
Stlk_3,Lk_268,5,310.9553058,1.258391477,39.42085142,2
Stlk_3,Lk_268,5,3069.583243,12.42216266,40.22796088,2
Stlk_3,Lk_285567,38,205.3009,0.830823267,31.34244788,5
Stlk_36,Lk_268,5,3069.583243,12.42216266,14.35885558,1
Stlk_4,Lk_200962,5,366.1361981,1.481700625,57.56088714,5
Stlk_79,Lk_200962,18,366.1361981,1.481700625,15.04133866,2
Stlk_20,Lk_487806,5,235.381161,0.952553763,567.9016066,1
Stlk_22,Lk_487801,5,165.8724237,0.671261883,37.21877411,1
Stlk_31,Lk_200924,5,80.08581561,0.324095797,194.6767045,1
Stlk_47,Lk_200841,18,50.0274217,0.202453793,69.3466459,2
Stlk_59,Lk_488178,5,152.1786341,0.615845083,0.450548843,2
Stlk_80,Lk_487801,5,165.8724237,0.671261883,0.229836734,5
Stlk_80,Lk_487806,5,235.381161,0.952553763,1.237050865,5
Stlk_81,Lk_200971,5,377.9762938,1.529615792,4.341070512,1
Stlk_81,Lk_487806,5,235.381161,0.952553763,13.95358472,1
Stlk_81,Lk_487823,5,106.5264459,0.431097232,23.39045546,1
Stlk_81,Lk_268,5,3069.583243,12.42216266,27.62655012,1
Stlk_81,Lk_200962,18,366.1361981,1.481700625,0.351812973,5
Stlk_57,Lk_200912,5,62.06888957,0.251183884,0.05282057,5
Stlk_57,Lk_268,5,3069.583243,12.42216266,36.31935163,2
Stlk_2,Lk_488858,5,1809.383817,7.322316519,33.61573609,2
Stlk_2,Lk_488003,5,51.05217038,0.206600804,72.31442665,2
Stlk_2,Lk_488858,5,1809.383817,7.322316519,33.6435463,5
Stlk_56,Lk_488858,5,1809.383817,7.322316519,70.35669385,2
Stlk_56,Lk_488858,5,1809.383817,7.322316519,70.69020668,2
Stlk_11,Lk_6233,5,1202.079889,4.864644727,23.52339941,2
Stlk_60,Lk_488858,5,1809.383817,7.322316519,243.4155531,5
Stlk_3,Lk_488858,18,1809.383817,7.322316519,29.28454437,2
Stlk_3,Lk_26265,5,224.7290221,0.909446086,25.35506623,1
Stlk_3,Lk_488858,5,1809.383817,7.322316519,30.16206246,1
Stlk_3,Lk_488858,5,1809.383817,7.322316519,29.66382339,1
Stlk_3,Lk_488858,5,1809.383817,7.322316519,28.93310182,1
Stlk_3,Lk_26265,5,224.7290221,0.909446086,25.40262846,2
Stlk_3,Lk_488858,5,1809.383817,7.322316519,30.05871201,1
Stlk_3,Lk_488858,18,1809.383817,7.322316519,29.67268208,2
Stlk_3,Lk_488883,5,171.900591,0.695657011,27.44937591,2
Stlk_3,Lk_488858,18,1809.383817,7.322316519,29.22632167,5
Stlk_3,Lk_488858,5,1809.383817,7.322316519,30.17431918,5
Stlk_3,Lk_488858,5,1809.383817,7.322316519,29.76561353,2
Stlk_3,Lk_488858,18,1809.383817,7.322316519,29.67299979,5
Stlk_3,Lk_6233,5,1202.079889,4.864644727,39.54447435,5
Stlk_3,Lk_488858,5,1809.383817,7.322316519,29.33156166,5
Stlk_3,Lk_6233,5,1202.079889,4.864644727,39.73843223,5
Stlk_3,Lk_6233,5,1202.079889,4.864644727,38.83496936,2
Stlk_3,Lk_488858,38,1809.383817,7.322316519,29.61966646,2
Stlk_3,Lk_488858,18,1809.383817,7.322316519,29.71023028,5
Stlk_3,Lk_488858,5,1809.383817,7.322316519,29.74030696,2
Stlk_3,Lk_488858,88,1809.383817,7.322316519,29.5459978,4
Stlk_3,Lk_488858,38,1809.383817,7.322316519,30.79919225,5
Stlk_3,Lk_488858,5,1809.383817,7.322316519,29.80805076,5
Stlk_3,Lk_26265,5,224.7290221,0.909446086,25.4978239,2
Stlk_3,Lk_488858,5,1809.383817,7.322316519,30.11636337,2
Stlk_3,Lk_488858,5,1809.383817,7.322316519,29.95112824,5
Stlk_3,Lk_488858,5,1809.383817,7.322316519,29.43812517,2
Stlk_75,Lk_156440,5,260.0148074,1.052242593,80.74988726,2
Stlk_75,Lk_156748,5,613.8650856,2.484223864,86.27995523,2
Stlk_69,Lk_157319,5,28.31496901,0.60610635,0.235054334,1
Stlk_69,Lk_156748,5,613.8650856,2.484223864,9.271531911,1
Stlk_69,Lk_156440,5,260.0148074,1.052242593,39.57425001,2
Stlk_69,Lk_156719,5,40.48900312,0.163853182,24.46143315,2
Stlk_69,Lk_26261,5,134.289827,0.543451648,7.509113059,2
Stlk_69,Lk_156748,38,613.8650856,2.484223864,8.988257278,2
Stlk_56,Lk_488540,5,153.334553,0.621,49.10480326,2
Stlk_70,Lk_26261,5,134.289827,0.543451648,0.272320107,5
Stlk_11,Lk_157319,5,28.31496901,0.60610635,87.72955014,2
Stlk_3,Lk_26261,18,134.289827,0.543451648,120.1141386,4
Stlk_57,Lk_156748,5,613.8650856,2.484223864,83.12468143,2
Stlk_57,Lk_26261,5,134.289827,0.543451648,79.56181018,2
Stlk_75,Lk_489427,18,369.6633497,1.495974501,99.06785387,2
Stlk_2,Lk_26273,5,65.70146421,0.265884392,100.4650177,5
Stlk_69,Lk_488687,5,339.4832225,1.373839859,20.9671709,1
Stlk_69,Lk_488687,5,339.4832225,1.373839859,21.99209312,2
Stlk_69,Lk_26263,5,1262.341463,5.108514656,38.75251412,2
Stlk_69,Lk_157298,5,203.686214,0.824288863,12.88719697,2
Stlk_69,Lk_474525,5,79.05528387,0.319925383,33.70149162,2
Stlk_76,Lk_26281,5,118.9956747,0.48155841,67.43113296,1
Stlk_56,Lk_488993,5,168.4354882,0.681634237,60.86329479,5
Stlk_21,Lk_26263,5,1262.341463,5.108514656,78.57292538,1
Stlk_21,Lk_1044356,5,928.811379,3.758766296,56.21180038,1
Stlk_21,Lk_1044356,18,928.811379,3.758766296,58.7842381,1
Stlk_58,Lk_1042440,5,40669.66366,164.584,307.7004964,2
Stlk_39,Lk_488687,5,339.4832225,1.373839859,185.4176278,5
Stlk_3,Lk_26281,5,118.9956747,0.48155841,86.75231545,3
Stlk_3,Lk_489183,5,229.914513,0.930431024,71.99546791,3
Stlk_3,Lk_489427,18,369.66335,1.495974501,116.6418294,2
Stlk_3,Lk_26263,38,1262.341463,5.108514656,91.52429882,2
Stlk_3,Lk_1044356,38,928.811379,3.758766296,61.16787989,2
Stlk_3,Lk_489183,38,229.914513,0.930431024,71.94270087,2
Stlk_3,Lk_1040597,5,40669.66366,164.5842896,127.4988056,5
Stlk_3,Lk_157309,5,44.39505323,0.179660406,129.5926499,2
Stlk_3,Lk_474800,5,47.46473216,0.192082956,135.6148723,2
Stlk_3,Lk_26281,18,118.9956747,0.48155841,86.75231545,2
Stlk_3,Lk_489183,5,229.914513,0.930431024,71.87190498,2
Stlk_3,Lk_26281,18,118.9956747,0.48155841,86.8604989,4
Stlk_3,Lk_489183,5,229.914513,0.930431024,71.99546791,4
Stlk_3,Lk_1040597,5,40669.66366,164.5842896,128.9821949,2
Stlk_49,Lk_26263,5,1262.341463,5.108514656,28.6110728,2
Stlk_36,Lk_26263,5,1262.341463,5.108514656,49.55063432,1
Stlk_36,Lk_474800,5,47.464732,0.192082956,95.14285685,1
Stlk_4,Lk_156950,5,165.072842,0.668026098,150.5157316,5
Stlk_4,Lk_26263,18,1262.341463,5.108514656,95.56141905,5
Stlk_79,Lk_26263,18,1262.341463,5.108514656,52.38643007,2
Stlk_47,Lk_26263,18,1262.341463,5.108514656,2.949489809,2
Stlk_75,Lk_315251,5,130.1850063,0.526840029,167.7229591,5
Stlk_53,Lk_315787,350,1062.406575,4.29940687,55.5037068,3
Stlk_53,Lk_315246,350,37.44739493,0.151544231,35.90550365,3
Stlk_69,Lk_1043491,5,1160.244865,4.695344383,206.6450815,2
Stlk_56,Lk_315246,5,37.44739493,0.151544231,167.777337,2
Stlk_3,Lk_315798,38,556.7342159,2.253023437,134.2801619,2
Stlk_3,Lk_315243,5,49.74255394,0.201300974,112.0267068,2
Stlk_3,Lk_28130,5,305.665056,1.236982597,107.7195422,2
Stlk_3,Lk_315629,5,685.1710379,2.772788815,142.2914315,5
Stlk_3,Lk_315787,38,1062.406575,4.29940687,130.8797836,2
Stlk_3,Lk_315714,18,122.2653611,0.494790362,145.5478845,5
Stlk_3,Lk_315787,600,1062.406575,4.29940687,131.9075112,4
Stlk_3,Lk_315787,5,1062.406575,4.29940687,130.8772566,5
Stlk_67,Lk_315251,38,130.1850063,0.526840029,64.12979595,1
Stlk_68,Lk_315787,5,1062.406575,4.29940687,83.8755328,2
Stlk_3,Lk_1034942,5,33866.69891,137.053668,171.0445283,2
Stlk_75,Lk_18979,5,3922.341962,15.87315476,143.1065231,5
Stlk_75,Lk_490324,5,696.6074724,2.819070423,83.45839058,2
Stlk_2,Lk_490324,5,696.6074724,2.819070423,85.27864041,2
Stlk_2,Lk_1039910,18,2708.724501,10.96181914,113.5696798,5
Stlk_2,Lk_1040139,18,13366.62225,54.0928011,93.79322018,5
Stlk_2,Lk_1040139,5,13366.62225,54.0928011,93.04298354,2
Stlk_2,Lk_312858,5,160.4224699,0.649206703,77.48752622,2
Stlk_2,Lk_313882,38,323.2823305,1.308277175,95.74821542,5
Stlk_2,Lk_489022,18,69.03059089,0.27935689,61.86242129,1
Stlk_69,Lk_18979,18,3922.341963,15.87315476,73.53220497,2
Stlk_69,Lk_1040343,5,8394.645038,33.971923,45.30943947,2
Stlk_69,Lk_18979,5,3922.341963,15.87315476,72.05154121,2
Stlk_76,Lk_18979,5,3922.341963,15.87315476,146.2516286,1
Stlk_56,Lk_314841,5,322.34917,1.304500809,120.5975279,5
Stlk_56,Lk_1040343,5,8394.645038,33.971923,114.415201,1
Stlk_56,Lk_614627,5,1527.275952,6.180666497,124.8740843,2
Stlk_56,Lk_490324,5,696.6074724,2.819070423,86.72108491,2
Stlk_21,Lk_490064,18,235.9674281,0.954926302,98.02815659,1
Stlk_39,Lk_1040139,18,13366.62225,54.0928011,157.1911226,1
Stlk_3,Lk_1040139,18,13366.62225,54.0928011,90.38911087,2
Stlk_3,Lk_490324,5,696.6074724,2.819070423,80.43196239,2
Stlk_3,Lk_1040343,5,8394.645038,33.971923,154.2781456,2
Stlk_3,Lk_453341,38,94.16343179,0.381065889,177.4716737,3
Stlk_3,Lk_314841,18,322.34917,1.304500809,94.89131372,3
Stlk_3,Lk_490560,18,200.6571122,0.812030523,97.9534213,3
Stlk_3,Lk_1040139,500,13366.62225,54.0928011,95.06447768,3
Stlk_3,Lk_18979,88,3922.341963,15.87315476,160.4914057,3
Stlk_3,Lk_1039910,5,507.508074,2.053812311,159.6176142,3
Stlk_3,Lk_313882,5,323.2823305,1.308277175,91.70703994,1
Stlk_3,Lk_490324,5,696.6074724,2.819070423,80.41914962,1
Stlk_3,Lk_1040139,5,13366.62225,54.0928011,87.61051841,2
Stlk_3,Lk_489559,5,42.456612,0.171815814,115.6992666,5
Stlk_3,Lk_490324,5,696.607472,2.819070423,79.3153025,5
Stlk_3,Lk_313877,5,111.1933792,0.449983641,93.17819947,2
Stlk_3,Lk_614627,5,1527.275952,6.180666497,121.5911792,2
Stlk_3,Lk_490324,18,696.6074724,2.819070423,80.25607964,2
Stlk_3,Lk_490324,5,696.6074724,2.819070423,79.03209699,1
Stlk_3,Lk_18979,18,3922.341963,15.87315476,169.3994918,1
Stlk_3,Lk_313877,38,111.1933792,0.449983641,93.08822812,2
Stlk_3,Lk_313882,38,323.2823305,1.308277175,92.01299907,2
Stlk_3,Lk_490064,5,235.9674281,0.954926302,98.46823173,5
Stlk_3,Lk_18979,18,3922.341962,15.87315476,159.4826713,5
Stlk_3,Lk_490324,5,696.6074724,2.819070423,79.93774812,5
Stlk_3,Lk_312869,5,141.506221,0.572655358,65.25745969,5
Stlk_3,Lk_10701,5,195.702724,0.792,100.5971421,2
Stlk_3,Lk_1046197,5,636.0024606,2.573810642,44.11214641,2
Stlk_3,Lk_614627,5,1527.275952,6.180666497,119.6983523,2
Stlk_3,Lk_18979,18,3922.341963,15.87315476,160.9574398,2
Stlk_3,Lk_490509,18,114.5410343,0.46353112,96.89562064,2
Stlk_3,Lk_18979,5,3922.341963,15.87315476,165.3003796,2
Stlk_3,Lk_490324,5,696.6074724,2.819070423,79.65397638,2
Stlk_3,Lk_490242,5,108.5227449,0.439175967,91.74122734,2
Stlk_3,Lk_1040343,5,8394.645038,33.971923,101.7148065,5
Stlk_3,Lk_18979,5,3922.341963,15.87315476,162.971026,2
Stlk_3,Lk_19769,18,257.772329,1.043167605,117.7273202,2
Stlk_3,Lk_313882,63,323.2823305,1.308277175,92.26368303,1
Stlk_3,Lk_314841,5,322.34917,1.304500809,95.27553389,1
Stlk_3,Lk_1040139,5,16412.68236,66.41976903,158.8277255,5
Stlk_3,Lk_313882,18,323.2823305,1.308277175,90.77152878,2
Stlk_3,Lk_1040139,5,13366.62225,54.0928011,122.6242443,5
Stlk_3,Lk_453341,5,94.163432,0.381065889,177.3849496,5
Stlk_3,Lk_314841,18,322.34917,1.304500809,94.98600759,2
Stlk_3,Lk_490560,5,200.6571122,0.812030523,97.98932019,2
Stlk_3,Lk_1040139,250,13366.62225,54.0928011,95.06447768,2
Stlk_3,Lk_19769,38,257.772329,1.043167605,117.8802218,2
Stlk_3,Lk_1040139,5,13366.62225,54.0928011,98.93134886,2
Stlk_3,Lk_24192,18,195.7027236,0.791980824,102.7919852,2
Stlk_3,Lk_490064,18,235.9674281,0.954926302,98.45448066,2
Stlk_3,Lk_1040139,63,13366.62225,54.0928011,99.60681782,2
Stlk_3,Lk_18979,38,3922.341963,15.87315476,164.2464457,2
Stlk_3,Lk_1040597,250,40669.66366,164.5842896,42.05743781,2
Stlk_3,Lk_490324,250,696.6074724,2.819070423,80.40908029,2
Stlk_3,Lk_1040139,5,13366.62225,54.0928011,102.363601,2
Stlk_3,Lk_490324,5,696.6074724,2.819070423,79.73205043,5
Stlk_3,Lk_613493,150,163.7340084,0.662608024,143.1969229,4
Stlk_3,Lk_314841,18,322.34917,1.304500809,94.98600759,4
Stlk_3,Lk_490560,18,200.6571122,0.812030523,97.98932019,4
Stlk_3,Lk_1040139,750,13366.62225,54.0928011,95.06447768,4
Stlk_3,Lk_19769,5,257.772329,1.043167605,117.8802218,4
Stlk_3,Lk_24192,38,195.7027236,0.791980824,102.6961935,4
Stlk_3,Lk_490064,63,235.9674281,0.954926302,98.60444409,4
Stlk_3,Lk_18979,150,3922.341963,15.87315476,161.4004575,4
Stlk_3,Lk_490324,38,696.6074724,2.819070423,80.46445927,4
Stlk_3,Lk_1040343,5,8394.645038,33.971923,98.87299833,5
Stlk_3,Lk_489015,5,43.92666017,0.317657323,56.92211335,5
Stlk_3,Lk_312869,18,141.5062206,0.572655358,65.0006004,5
Stlk_3,Lk_314841,5,322.34917,1.304500809,94.88865152,5
Stlk_3,Lk_490064,5,235.9674281,0.954926302,98.78169203,5
Stlk_3,Lk_18979,5,3922.341963,15.87315476,160.5662966,5
Stlk_3,Lk_614627,5,1527.275952,6.180666497,122.3412174,2
Stlk_3,Lk_1040139,5,13366.62225,54.0928011,85.21606176,2
Stlk_3,Lk_614627,5,1527.275952,6.180666497,120.7331006,5
Stlk_3,Lk_15670,5,119.8975609,0.485208214,77.99335147,5
Stlk_78,Lk_1040139,18,13366.62225,54.0928011,113.3848525,2
Stlk_78,Lk_616284,5,79.34162652,0.321084171,104.554251,2
Stlk_78,Lk_614627,5,1527.275952,6.180666497,116.9369375,2
Stlk_65,Lk_489022,5,69.03059089,0.27935689,115.8095424,1
Stlk_36,Lk_614627,5,1527.275952,6.180666497,102.1121516,1
Stlk_4,Lk_490324,5,696.607472,2.819070423,83.67225331,5
Stlk_79,Lk_314841,5,322.34917,1.304500809,99.81455952,5
Stlk_79,Lk_312869,5,141.506221,0.572655358,58.00364975,5
Stlk_22,Lk_614627,5,1527.275952,6.180666497,118.5879393,1
Stlk_22,Lk_313882,5,323.2823305,1.308277175,92.9752113,1
Stlk_22,Lk_490324,5,696.6074724,2.819070423,76.85777372,1
Stlk_59,Lk_313882,5,323.2823305,1.308277175,82.107135,2
Stlk_81,Lk_614855,5,107.5420529,0.435207247,133.6070472,1
Stlk_81,Lk_1040597,5,40669.66366,164.5842896,61.66356873,1
Stlk_16,Lk_1039910,5,2708.724501,10.96181914,64.07062501,2
Stlk_16,Lk_14524,5,642.5223307,2.600195621,75.36597631,2
Stlk_16,Lk_490371,5,106.9308297,0.432733715,75.555153,2
Stlk_75,Lk_315348,5,363.9488664,1.472848807,163.2119929,2
Stlk_75,Lk_28099,5,10546.72059,42.68106396,119.8284564,2
Stlk_53,Lk_28136,5,16538.24816,66.92791577,99.90992448,3
Stlk_53,Lk_313356,38,135.069273,0.546605954,45.84938526,3
Stlk_2,Lk_1044809,5,12617.47659,51.06111619,104.4688465,5
Stlk_2,Lk_1044809,5,12617.47659,51.06111619,104.1016055,2
Stlk_2,Lk_28080,5,83.0808064,0.336216095,63.611151,2
Stlk_2,Lk_313812,5,150.9386673,0.610827115,73.86856118,2
Stlk_2,Lk_315348,5,363.9488664,1.472848807,118.5223852,2
Stlk_2,Lk_28099,5,10546.72059,42.68106396,90.44051636,5
Stlk_2,Lk_313812,5,150.938667,0.610827115,74.09874225,1
Stlk_69,Lk_28099,5,10546.72059,42.68106396,129.9006381,2
Stlk_69,Lk_1044809,5,12617.47659,51.06111619,177.4456478,2
Stlk_11,Lk_28099,5,10546.72059,42.68106396,87.52865562,2
Stlk_58,Lk_28099,5,10546.72059,42.68106396,228.9958275,2
Stlk_39,Lk_1044809,5,12617.47659,51.06111619,65.86756886,5
Stlk_39,Lk_28099,5,10546.72059,42.68106396,93.69650074,5
Stlk_3,Lk_16661,5,129.5398391,0.52422913,43.69969575,2
Stlk_3,Lk_13444,5,11.35206189,0.045940165,44.65028316,2
Stlk_3,Lk_28099,5,10546.72059,42.68106396,91.59901006,3
Stlk_3,Lk_28099,5,10546.72059,42.68106396,90.55736879,5
Stlk_3,Lk_314427,5,556.771721,2.253175215,91.83719599,1
Stlk_3,Lk_28099,5,10546.72059,42.68106396,86.00386586,2
Stlk_3,Lk_28099,38,10546.72059,42.68106396,93.73103523,2
Stlk_3,Lk_1044809,5,12617.47659,51.061,99.2062424,2
Stlk_3,Lk_315348,5,363.9488664,1.472848807,116.9351202,2
Stlk_3,Lk_28099,5,10546.72059,42.68106396,89.49328074,2
Stlk_3,Lk_23684,5,182.0560162,0.736754558,43.87093857,2
Stlk_3,Lk_28099,5,10546.72059,42.68106396,89.58952134,2
Stlk_3,Lk_23684,5,182.0560162,0.736754558,43.49891286,2
Stlk_3,Lk_23684,5,182.056016,0.736754558,43.98843827,2
Stlk_3,Lk_28099,5,10546.72059,42.68106396,86.52900896,2
Stlk_3,Lk_1044809,5,12617.47659,51.061,100.5599016,2
Stlk_3,Lk_28099,5,10546.72059,42.68106396,87.67375386,2
Stlk_3,Lk_28099,5,10546.72059,42.68106396,89.97026019,5
Stlk_3,Lk_313680,5,1101.35332,4.457018757,75.61125944,5
Stlk_3,Lk_28099,5,10546.72059,42.68106396,91.18309535,2
Stlk_3,Lk_1039348,18,340.758841,1.379002104,86.65339561,2
Stlk_3,Lk_28099,5,10546.72059,42.68106396,87.44747834,2
Stlk_3,Lk_28099,5,10546.72059,42.68106396,90.69873639,1
Stlk_3,Lk_313290,5,269.3443165,1.089997777,78.35858166,1
Stlk_3,Lk_28099,5,10546.72059,42.68106396,86.16241768,2
Stlk_3,Lk_28099,18,10546.72059,42.68106396,91.45278967,2
Stlk_3,Lk_28099,5,10546.72059,42.68106396,88.54838201,2
Stlk_3,Lk_28099,18,10546.72059,42.68106396,91.7358333,5
Stlk_3,Lk_28099,38,10546.72059,42.68106396,91.21785719,4
Stlk_3,Lk_314427,18,556.771721,2.253175215,90.74246184,1
Stlk_3,Lk_312438,5,35.3963771,0.143244056,50.06283934,5
Stlk_3,Lk_28099,5,10546.72059,42.68106396,88.15403382,5
Stlk_3,Lk_16661,18,129.5398391,0.52422913,43.83488693,2
Stlk_3,Lk_28099,5,10546.72059,42.68106396,91.30581309,5
Stlk_3,Lk_1044809,5,12617.47659,51.06111619,112.0646441,2
Stlk_36,Lk_28099,5,10546.72059,42.68106396,101.8323488,1
Stlk_4,Lk_28099,5,10546.72059,42.68106396,89.17039295,5
Stlk_79,Lk_1044809,5,12617.47659,51.061,135.8546883,5
Stlk_57,Lk_28099,5,10546.72059,42.68106396,126.9873672,2
Stlk_6,Lk_290136,5,1053.909674,4.265021132,173.7482333,2
Stlk_1,Lk_1041726,38,5130.181155,20.76110656,97.38734086,3
Stlk_1,Lk_1041726,38,5130.181155,20.76110656,68.43699458,3
Stlk_1,Lk_1041726,38,5130.181155,20.76110656,87.84299759,3
Stlk_19,Lk_290136,18,1053.909674,4.265021132,136.9664021,3
Stlk_19,Lk_1041726,18,5130.181155,20.76110656,130.9714827,3
Stlk_20,Lk_286055,38,9649.207655,39.04895797,83.27310301,5
Stlk_20,Lk_1041726,38,5130.181155,20.76110656,95.23057878,5
Stlk_20,Lk_287355,5,1479.707104,5.988162198,79.73392335,1
Stlk_20,Lk_286055,5,9649.207655,39.04895797,89.26279733,1
Stlk_20,Lk_290136,18,1053.909674,4.265021132,108.4876151,3
Stlk_20,Lk_287355,18,1479.707104,5.988162198,79.60882532,3
Stlk_20,Lk_286055,18,9649.207655,39.04895797,86.3517931,3
Stlk_20,Lk_1041726,18,5130.181155,20.76110656,95.15095335,3
Stlk_71,Lk_286803,18,1189.660964,4.814387111,129.4200199,3
Stlk_71,Lk_287355,5,1479.707104,5.988162198,107.2685064,3
Stlk_71,Lk_290136,5,1053.909674,4.265021132,124.0641376,3
Stlk_71,Lk_1041726,63,5130.181155,20.76110656,125.5543835,3
Stlk_71,Lk_1041726,38,5130.181155,20.76110656,112.90275,3
Stlk_53,Lk_28985,18,5752.550088,23.27974427,138.9920247,3
Stlk_53,Lk_651044,5,3312.965255,13.40709472,143.2562846,3
Stlk_34,Lk_28985,5,5752.550088,23.27974427,171.0625721,2
Stlk_6,Lk_29991,38,20026.99468,81.04637205,173.8790039,5
Stlk_6,Lk_29991,18,20026.99468,81.04637205,180.8050333,2
Stlk_39,Lk_651044,5,3312.965255,13.40709472,148.2153676,1
Stlk_39,Lk_28985,5,5752.550088,23.27974427,141.2174982,1
Stlk_39,Lk_28985,5,5752.550088,23.27974427,144.3352243,5
Stlk_7,Lk_286348,18,1321.705197,5.348751166,137.4968444,2
Stlk_1,Lk_34869,5,436.9666821,1.768341424,54.49189639,1
Stlk_1,Lk_2,5,14755.56486,59.71365241,75.00687215,1
Stlk_1,Lk_34846,5,11703.08817,47.36071753,59.72493515,1
Stlk_1,Lk_193456,5,1908.281457,7.722541068,59.8977647,1
Stlk_1,Lk_34848,150,22538.08661,91.20840055,45.31895334,3
Stlk_60,Lk_28985,5,5752.550088,23.27974427,47.65106309,3
Stlk_60,Lk_1039633,5,43939.07068,177.81511,165.4988218,2
Stlk_60,Lk_651044,5,3312.965255,13.40709472,68.36560395,2
Stlk_60,Lk_28985,38,5752.550088,23.27974427,53.53845817,2
Stlk_60,Lk_28985,88,5752.550088,23.27974427,57.11255446,2
Stlk_60,Lk_1039979,5,8960.023375,36.25992814,121.7224778,2
Stlk_60,Lk_28985,5,5752.550088,23.27974427,56.76561749,2
Stlk_60,Lk_651044,5,3312.965255,13.40709472,68.91163189,2
Stlk_60,Lk_28985,5,5752.550088,23.27974427,55.42438221,2
Stlk_3,Lk_34848,5,22538.08661,91.20840055,517.6252518,2
Stlk_3,Lk_651044,5,3312.965255,13.40709472,218.4898813,3
Stlk_3,Lk_28985,18,5752.550088,23.27974427,223.2099586,3
Stlk_3,Lk_1039979,5,8960.023375,36.25992814,312.5357625,3
Stlk_3,Lk_1039979,5,8960.023375,36.25992814,404.4202754,2
Stlk_3,Lk_34909,5,45293.15589,183.2948988,486.390268,2
Stlk_3,Lk_651044,5,3312.965255,13.40709472,218.0158297,2
Stlk_3,Lk_653781,5,433.7436393,1.755298232,376.4746939,2
Stlk_3,Lk_28985,18,5752.550088,23.27974427,218.1252271,2
Stlk_3,Lk_532501,5,28.88652476,0.116899618,332.0815289,2
Stlk_3,Lk_1039979,5,8960.023375,36.25992814,397.6192848,2
Stlk_3,Lk_1039979,5,8960.023375,36.25992814,379.2547566,2
Stlk_3,Lk_28985,5,5752.550088,23.27974427,212.4053153,5
Stlk_3,Lk_28985,5,5752.550088,23.27974427,225.626015,5
Stlk_3,Lk_28985,5,5752.550088,23.27974427,220.6112289,4
Stlk_3,Lk_29988,5,24631.26394,99.67918865,499.3237395,1
Stlk_40,Lk_1039979,38,8960.023375,36.25992814,193.2808214,3
Stlk_19,Lk_2,88,14755.56486,59.71365241,4.903723605,3
Stlk_19,Lk_34846,18,11703.08817,47.36071753,36.80034813,3
Stlk_19,Lk_1039633,38,43939.07068,177.81511,49.78055835,3
Stlk_19,Lk_1039633,38,43939.07068,177.81511,42.08330543,3
Stlk_19,Lk_34848,18,22538.08661,91.20840055,41.76316738,3
Stlk_19,Lk_34848,38,22538.08661,91.20840055,44.12887432,3
Stlk_20,Lk_29991,250,20026.99468,81.04637205,111.09415,5
Stlk_20,Lk_322040,88,97.71259093,0.395428826,136.826634,5
Stlk_20,Lk_193456,5,1908.281457,7.722541068,84.97372989,1
Stlk_20,Lk_26201,5,2.963708437,1.020411871,285.3404779,1
Stlk_20,Lk_34846,88,11703.08817,47.36071753,83.04913448,5
Stlk_20,Lk_34848,5,22538.08661,91.20840055,78.91967239,1
Stlk_20,Lk_34909,5,45293.15589,183.2948988,97.38893251,1
Stlk_20,Lk_34848,5,22538.08661,91.20840055,63.31394103,1
Stlk_20,Lk_34869,5,436.9666821,1.768341424,79.49729199,1
Stlk_20,Lk_34909,5,45293.15589,183.2948988,102.5161176,1
Stlk_20,Lk_2,5,14755.56486,59.71365241,102.5898982,3
Stlk_20,Lk_34848,5,22538.08661,91.20840055,69.74583178,3
Stlk_20,Lk_34909,5,45293.15589,183.2948988,98.49581074,3
Stlk_20,Lk_29991,5,20026.99468,81.04637205,113.3450086,3
Stlk_20,Lk_34846,38,11703.08817,47.36071753,84.62312914,3
Stlk_23,Lk_1039633,18,43939.07068,177.81511,132.3468784,3
Stlk_71,Lk_34909,18,45293.15589,183.2948988,16.03696167,3
Stlk_71,Lk_29988,18,24631.26394,99.67918865,39.79495309,3
Stlk_71,Lk_251589,5,3263.955728,13.2087602,61.34516855,3
Stlk_71,Lk_29993,18,11504.05639,46.55526449,49.83633867,3
Stlk_71,Lk_34848,88,22538.08661,91.20840055,36.15627999,3
Stlk_71,Lk_29991,18,20026.99468,81.04637205,26.2054685,3
Stlk_71,Lk_1039633,63,43939.07068,177.81511,62.44499007,3
Stlk_71,Lk_34846,18,11703.08817,47.36071753,26.30484366,3
Stlk_76,Lk_34841,5,20849.9828,84.3768868,575.3330995,2
Stlk_76,Lk_1039633,18,43939.07068,177.81511,559.0564382,2
Stlk_37,Lk_1039633,5,43939.07068,177.81511,103.9444788,2
Stlk_37,Lk_1039633,18,43939.07068,177.81511,98.59771021,3
Stlk_1,Lk_34840,5,27159.02331,203.0522287,42.76643482,1
Stlk_1,Lk_1039633,5,43939.07068,177.81511,47.85302731,1
Stlk_1,Lk_1039633,5,43939.07068,177.81511,65.21072148,1
Stlk_1,Lk_34840,150,27159.02331,203.0522287,39.2655277,3
Stlk_60,Lk_1039633,88,43939.07068,177.81511,194.4140071,3
Stlk_60,Lk_1039633,5,43939.07068,177.81511,249.4870726,3
Stlk_3,Lk_34841,5,20849.9828,84.3768868,530.872663,3
Stlk_3,Lk_34859,5,19646.8448,79.50796006,541.1408016,5
Stlk_3,Lk_34841,5,20849.9828,84.3768868,521.5058364,5
Stlk_3,Lk_34841,5,20849.9828,84.3768868,522.1126904,2
Stlk_3,Lk_1039633,5,43939.07068,177.81511,512.3870055,2
Stlk_3,Lk_34841,5,20849.9828,84.3768868,525.5363846,2
Stlk_3,Lk_236732,5,651.8351416,2.637883229,586.2370483,2
Stlk_3,Lk_1039633,5,43939.07068,177.81511,491.2818382,5
Stlk_3,Lk_191278,5,30.935092,0.125189876,532.5559616,5
Stlk_3,Lk_1039633,5,43939.07068,177.81511,502.5536563,5
Stlk_67,Lk_1039633,5,43939.07068,177.81511,387.2679924,1
Stlk_67,Lk_1039633,5,43939.07068,177.81511,376.6232492,1
Stlk_51,Lk_34841,5,20849.9828,84.3768868,157.4997937,1
Stlk_40,Lk_1039633,38,43939.07068,177.81511,94.2499933,3
Stlk_40,Lk_1039633,38,43939.07068,177.81511,69.9144862,3
Stlk_46,Lk_1039633,88,43939.07068,177.81511,149.5542221,3
Stlk_19,Lk_34841,88,20849.9828,84.3768868,77.93460806,3
Stlk_19,Lk_1039633,5,43939.07068,177.81511,98.90267633,3
Stlk_19,Lk_34859,38,19646.8448,79.50796006,85.51401125,3
Stlk_19,Lk_1039633,38,43939.07068,177.81511,74.30934174,3
Stlk_19,Lk_1039633,38,43939.07068,177.81511,117.4348,3
Stlk_20,Lk_34841,250,20849.9828,84.3768868,26.49569263,5
Stlk_20,Lk_191278,250,30.935092,0.125189876,0.057190439,5
Stlk_20,Lk_285875,5,9688.968513,39.20986445,51.13642761,1
Stlk_20,Lk_34841,18,20849.9828,84.3768868,27.92861108,1
Stlk_20,Lk_1039633,5,43939.07068,177.81511,55.72538217,1
Stlk_20,Lk_191278,18,30.935092,0.125189876,0.125570875,5
Stlk_20,Lk_191278,350,30.935092,0.125189876,0.125570875,5
Stlk_20,Lk_34841,5,20849.9828,84.3768868,38.69907916,5
Stlk_20,Lk_1039633,18,43939.07068,177.81511,42.50966869,5
Stlk_20,Lk_1039633,5,43939.07068,177.81511,41.76109052,1
Stlk_20,Lk_1039633,5,43939.07068,177.81511,50.99835416,1
Stlk_20,Lk_34841,5,20849.9828,84.3768868,25.10111881,1
Stlk_20,Lk_34841,5,20849.9828,84.377,27.82602691,1
Stlk_20,Lk_34840,5,27159.02331,203.0522287,63.66762239,1
Stlk_20,Lk_34840,5,27159.02331,203.0522287,58.46886445,1
Stlk_20,Lk_239009,18,8181.886092,33.11091828,36.52497876,3
Stlk_20,Lk_34841,5,20849.9828,84.3768868,39.15426687,3
Stlk_20,Lk_34840,5,27159.02331,203.0522287,60.73826882,3
Stlk_20,Lk_1039633,150,43939.07068,177.81511,51.26954465,3
Stlk_23,Lk_1039633,18,43939.07068,177.81511,201.2721438,3
Stlk_71,Lk_239009,18,8181.886092,33.11091828,104.2452503,3
Stlk_71,Lk_34859,18,19646.8448,79.50796006,82.19161676,3
Stlk_71,Lk_34841,150,20849.9828,84.3768868,70.33049846,3
Stlk_71,Lk_285875,18,9688.968513,39.20986445,111.2365688,3
Stlk_71,Lk_34840,18,27159.02331,203.0522287,54.95223801,3
Stlk_71,Lk_191278,38,30.93509197,0.125189876,102.3638539,3
Stlk_71,Lk_1039633,63,43939.07068,177.81511,125.2951009,3
Stlk_71,Lk_1039633,63,43939.07068,177.81511,92.81883909,3
Stlk_7,Lk_29994,5,3350.729888,13.55992277,139.0766356,2
Stlk_20,Lk_290181,18,678.1247508,2.744273503,112.7197188,3
Stlk_71,Lk_29994,5,3350.729888,13.55992277,62.45484749,3
Stlk_6,Lk_757618,5,455.659696,1.843989368,100.0125395,5
Stlk_6,Lk_822481,18,212.7221928,0.860856172,25.45766976,5
Stlk_6,Lk_1046335,18,232177.5175,939.5890779,34.29048687,5
Stlk_6,Lk_1046335,5,15995.92375,64.73320675,78.60644729,5
Stlk_6,Lk_1039361,5,427.070744,1.728293983,142.5349606,5
Stlk_6,Lk_756557,5,172.3681179,0.697549025,111.6296019,2
Stlk_7,Lk_1046335,5,232177.5175,939.5890779,0.7459046,2
Stlk_7,Lk_815653,63,137.1712484,0.555112347,2.783923097,2
Stlk_7,Lk_767946,5,499.2055012,2.020212989,197.367629,5
Stlk_7,Lk_833285,88,34682.93808,140.3568707,52.84174516,5
Stlk_7,Lk_815653,18,137.1712484,0.555112347,2.627822753,2
Stlk_3,Lk_290428,5,1751.549231,7.088268254,589.9725206,2
Stlk_19,Lk_291108,18,862.313283,3.489658048,141.7009037,3
Stlk_20,Lk_1043489,38,3544.894957,14.34568092,165.8885911,5
Stlk_20,Lk_290428,18,1751.549231,7.088268254,122.6477353,3
Stlk_20,Lk_291108,38,862.3132832,3.489658048,122.9328176,3
Stlk_20,Lk_1043489,38,3544.894957,14.34568092,151.7419445,3
Stlk_6,Lk_1041802,18,237740.4175,962.1013353,163.2195021,5
Stlk_45,Lk_260444,5,1209.619048,4.895154614,168.9158873,5
Stlk_25,Lk_272724,5,57.88049863,0.234234068,764.0508664,5
Stlk_25,Lk_272687,5,2225.849812,9.007694606,765.9652513,5
Stlk_25,Lk_272720,5,2687.404563,10.87554041,768.5496152,5
Stlk_25,Lk_16111,18,5247.799975,21.23709303,786.692868,2
Stlk_45,Lk_274175,5,1870.863419,7.571115643,111.1911643,5
Stlk_45,Lk_272720,5,2687.404563,10.87554041,91.92926565,5
Stlk_45,Lk_272687,5,2225.849812,9.007694606,85.97496807,5
Stlk_45,Lk_1024582,5,174.3331052,0.705501047,68.9803942,5
Stlk_45,Lk_16111,5,5247.799975,21.23709303,100.1694224,5
Stlk_45,Lk_36278,5,828.6125058,3.353275841,157.3690164,5
Stlk_45,Lk_16111,5,5247.799975,21.23709303,99.65756837,1
Stlk_45,Lk_16111,5,5247.799975,21.23709303,101.26248,2
Stlk_25,Lk_1044454,5,3697.969247,14.9651506,810.0094526,5
Stlk_45,Lk_1040574,5,121942.9434,493.4855835,118.1584995,5
Stlk_45,Lk_1031210,5,33899.9991,137.188429,227.5568203,5
Stlk_45,Lk_1024569,5,6765.486989,27.37895447,96.49156874,5
Stlk_45,Lk_1030012,5,46185.35298,186.905492,258.7123858,5
Stlk_45,Lk_1040574,5,121942.9434,493.4855835,165.392153,5
Stlk_25,Lk_277042,5,149.4546022,0.604821317,503.9512816,5
Stlk_25,Lk_277069,5,288.6382018,1.168077361,508.3516243,5
Stlk_25,Lk_26457,5,9483.591898,38.37873478,386.0381074,5
Stlk_25,Lk_26458,5,3855.619437,15.60313828,392.2058394,5
Stlk_25,Lk_431755,5,2477.290262,10.02523801,424.6496974,5
Stlk_25,Lk_283953,5,827.5880572,3.349130044,710.7897399,5
Stlk_25,Lk_54580,5,959.4139895,3.882610665,710.0363003,5
Stlk_25,Lk_1039917,5,47592.78903,192.6011839,740.9810256,5
Stlk_25,Lk_26457,5,9483.591898,38.37873478,390.1366525,2
Stlk_25,Lk_432227,5,746.0395325,3.019114873,460.3535795,2
Stlk_25,Lk_430724,5,818.4281606,3.312061258,403.0063354,2
Stlk_25,Lk_431755,5,2477.290262,10.02523801,424.7842188,2
Stlk_25,Lk_1041838,5,17575.9023,71.12715309,448.4451572,2
Stlk_25,Lk_26457,5,9483.591898,38.37873478,390.4800404,2
Stlk_25,Lk_1045458,5,32384.07404,131.053698,566.7642264,2
Stlk_25,Lk_396709,5,172.7884987,0.699250246,521.3817169,2
Stlk_25,Lk_431755,5,2477.290262,10.02523801,424.0499174,2
Stlk_25,Lk_1039917,5,17238.22458,69.76061986,578.9676212,2
Stlk_25,Lk_26457,5,9483.591898,38.37873478,387.5041103,2
Stlk_25,Lk_431755,5,2477.290262,10.02523801,425.5436974,2
Stlk_25,Lk_1041838,5,17575.9023,71.12715309,431.190469,2
Stlk_25,Lk_1041838,5,17575.9023,71.12715309,474.0800306,2
Stlk_25,Lk_26457,5,9483.591898,38.37873478,386.7936997,2
Stlk_25,Lk_599305,5,207.1969554,0.83849633,530.5693462,2
Stlk_25,Lk_26457,5,9483.591898,38.37873478,385.9845243,2
Stlk_25,Lk_1041838,5,17575.9023,71.12715309,417.6162641,2
Stlk_45,Lk_30343,5,13255.9544,69.6646069,52.45236308,5
Stlk_45,Lk_29945,5,3474.069496,14.05906045,129.2027488,5
Stlk_45,Lk_54580,5,959.4139895,3.882610665,0.657492798,5
Stlk_45,Lk_282005,5,4259.940808,17.23936882,237.4929684,5
Stlk_45,Lk_599073,5,177.240816,0.717268134,322.8898819,5
Stlk_45,Lk_472597,5,4951.040047,20.03614821,116.6506858,5
Stlk_45,Lk_431723,5,2115.924615,8.562843118,305.3845561,5
Stlk_45,Lk_282881,5,1153.39086,4.667607211,192.3248641,5
Stlk_45,Lk_26457,5,9483.591898,38.37873478,359.0324425,5
Stlk_45,Lk_1045458,5,32384.07404,131.053698,191.0399179,5
Stlk_45,Lk_1041838,5,17575.9023,71.12715309,239.6460683,5
Stlk_45,Lk_470427,5,1796.957159,7.272027621,34.98379012,5
Stlk_45,Lk_599241,5,739.232042,2.991565937,292.9198487,5
Stlk_45,Lk_60528,38,100.1966442,0.405481433,163.1680571,5
Stlk_45,Lk_1045458,5,32384.07404,131.053698,157.6105041,5
Stlk_45,Lk_692430,5,1270.589124,5.141891757,57.46100834,5
Stlk_45,Lk_1045458,5,32384.07404,131.053698,130.9800238,5
Stlk_45,Lk_1039917,5,7826.701538,31.67353738,135.4857847,5
Stlk_45,Lk_1043885,5,2988.18845,12.09277,133.868208,5
Stlk_45,Lk_1039917,5,3323.344545,13.44909822,136.3275766,5
Stlk_45,Lk_1039917,5,5056.154607,20.46153174,181.5270717,5
Stlk_45,Lk_1047631,5,5270.471522,21.32884153,204.6952817,5
Stlk_45,Lk_1039917,5,47592.78903,192.6011839,115.7720557,5
Stlk_45,Lk_1039751,5,17.99760328,0.072833716,206.9491536,5
Stlk_45,Lk_599073,5,177.240816,0.717268134,322.885022,1
Stlk_45,Lk_431755,5,2477.290262,10.02523801,305.3566263,1
Stlk_45,Lk_282005,5,4259.940808,17.23936882,237.8674651,1
Stlk_45,Lk_692661,5,136.6646534,0.55306223,49.92833204,1
Stlk_45,Lk_26457,5,9483.591898,38.37873478,361.7169115,1
Stlk_45,Lk_599160,5,242.4328514,0.981090942,316.748528,1
Stlk_45,Lk_54372,5,507.6556442,2.054409504,17.31288172,1
Stlk_45,Lk_283232,5,42.25009342,0.170980062,200.5752184,1
Stlk_45,Lk_282279,5,1339.829132,5.422096129,229.9840887,1
Stlk_45,Lk_599241,5,739.232042,2.991565937,292.7448225,1
Stlk_45,Lk_60761,5,679.5450344,2.750021187,150.8114908,1
Stlk_45,Lk_57955,5,601.6536151,2.434805796,155.3609051,1
Stlk_45,Lk_62491,5,222.7759178,0.901542154,124.7511198,1
Stlk_45,Lk_282005,5,4259.940808,17.23936882,237.3196599,1
Stlk_83,Lk_26457,5,9483.591898,38.37873478,153.6624489,5
Stlk_45,Lk_1018984,5,19.21983819,0.077779926,42.85612714,2
Stlk_45,Lk_30343,5,13255.9544,69.6646069,52.31091442,2
Stlk_45,Lk_282005,5,4259.940808,17.23936882,237.3812924,2
Stlk_45,Lk_1045458,5,32384.07404,131.053698,190.9592401,2
Stlk_45,Lk_1045458,5,32384.07404,131.053698,126.6672413,2
Stlk_45,Lk_1045458,5,32384.07404,131.053698,156.0081826,2
Stlk_45,Lk_1039917,5,5056.154607,20.46153174,177.4035593,2
Stlk_45,Lk_1039917,5,47592.78903,192.6011839,29.38899167,2
Stlk_9,Lk_26457,5,9483.591898,38.37873478,128.0272586,5
Stlk_9,Lk_274863,5,238.66909,0.965859542,222.9988071,5
Stlk_9,Lk_599305,5,207.1969554,0.83849633,258.6510972,5
Stlk_9,Lk_396690,5,173.400071,0.701725189,246.0965584,5
Stlk_9,Lk_599346,5,465.0141915,1.881845667,247.8904603,5
Stlk_9,Lk_599073,2,177.240816,0.717268134,191.1430663,5
Stlk_9,Lk_1039917,1,17238.22458,69.76061986,314.9441539,5
Stlk_9,Lk_26457,3,9483.591898,38.37873478,127.683942,5
Stlk_9,Lk_1045458,12,32384.07404,131.053698,333.8789085,5
Stlk_9,Lk_431723,1,2115.924615,8.562843118,181.6537584,3
Stlk_9,Lk_26457,1,9483.591898,38.37873478,125.5208888,3
Stlk_9,Lk_26457,2,9483.591898,38.37873478,124.8904764,3
Stlk_9,Lk_26457,2,9483.591898,38.37873478,124.7690363,3
Stlk_9,Lk_1039917,5,17238.22458,69.76061986,261.5242294,3
Stlk_9,Lk_1041838,5,17575.9023,71.12715309,198.0125334,3
Stlk_9,Lk_599305,2,207.1969554,0.83849633,258.7337345,3
Stlk_9,Lk_430724,1,818.428161,3.312061258,155.7463581,3
Stlk_9,Lk_431723,5,2115.924615,8.562843118,181.8121735,3
Stlk_9,Lk_599697,2,354.129099,1.433109619,292.276335,3
Stlk_9,Lk_274863,6,238.66909,0.965859542,221.5530251,3
Stlk_9,Lk_432227,5,746.039532,3.019114873,218.1896439,3
Stlk_55,Lk_26457,5,9483.591898,38.37873478,410.9370118,5
Stlk_45,Lk_260613,5,17533.09192,70.95390565,146.0243389,5
Stlk_45,Lk_260613,5,17533.09192,70.95390565,147.0029854,5
Stlk_45,Lk_260613,5,17533.09192,70.95390565,145.632863,1
Stlk_25,Lk_1039128,5,10960.18063,44.35427737,629.2669629,2
Stlk_45,Lk_7310,5,4638.569479,18.77162469,76.83009447,5
Stlk_25,Lk_136224,5,587.6471613,2.378123689,745.8969652,2
Stlk_25,Lk_105733,88,206613.8639,836.136642,678.9552907,2
Stlk_25,Lk_656136,38,191.5807061,0.775299611,593.4491786,2
Stlk_25,Lk_557679,38,67.45902299,0.27299698,589.3231433,2
Stlk_25,Lk_568664,63,2634.553116,10.6616582,628.6540209,2
Stlk_25,Lk_658199,5,34.47189652,0.139502816,407.8905673,2
Stlk_25,Lk_657504,5,1220.739094,4.940155844,415.7366274,2
Stlk_45,Lk_397794,5,326.081333,1.319604335,286.3796331,5
Stlk_45,Lk_397794,5,326.0813326,1.319604335,286.5592675,1
Stlk_45,Lk_399655,5,976.9414058,3.953541602,238.0243606,1
Stlk_9,Lk_396675,5,846.0815995,3.423970755,239.3591065,5
Stlk_9,Lk_69552,5,358.3416758,1.450157312,199.8143135,5
Stlk_9,Lk_1039832,2,27465.12514,111.1474181,267.8780695,3
Stlk_9,Lk_396675,5,846.0816,3.423970755,239.6798481,3
Stlk_9,Lk_396619,2,55.6291647,0.225123242,241.5520616,3
Stlk_9,Lk_1039838,1,35493.3743,143.6365897,235.7974308,3
Stlk_9,Lk_1039838,5,35493.3743,143.6365897,235.451051,3
Stlk_9,Lk_396675,5,846.0816,3.423970755,240.8856781,3
Stlk_9,Lk_1043628,1,30809.07686,124.6799106,263.6008337,3
Stlk_45,Lk_395632,5,95.3170914,0.385734584,330.4291233,5
Stlk_9,Lk_27448,5,3218.168055,13.02346406,158.5609079,5
Stlk_9,Lk_395632,5,95.3170914,0.385734584,208.5935063,5
Stlk_9,Lk_395632,1,95.3170914,0.385734584,208.5840318,5
Stlk_9,Lk_395634,1,70.76041664,0.286357247,197.1324731,5
Stlk_9,Lk_69336,1,62.381872,0.25245048,177.1657641,5
Stlk_9,Lk_69336,5,62.381872,0.25245048,177.0560344,3
Stlk_9,Lk_67379,5,31.9877708,0.129449916,217.5072889,3
Stlk_9,Lk_67364,18,14.09515248,0.057041058,188.6953588,3
Stlk_9,Lk_67364,5,14.09515248,0.057041058,188.5625086,3
Stlk_9,Lk_604830,5,271.9718004,1.100630827,137.6672828,3
Stlk_9,Lk_1047595,5,271.9718004,1.100630827,137.5162784,3
Stlk_9,Lk_395787,5,96.65434895,0.391146273,218.9219492,3
